PC_Timestamp,ESP32_Timestamp_ms,Sequence_Num,Latency_Delta_ms,Cumulative_Lost_Packets,S1,S2,S3,S4
1790750928.9757483,275280,1563,0.0,0,76.3 cm,112.5 cm,58.4 cm,54.0 cm
1790750929.1530464,275456,1564,177.3,0,76.4 cm,112.5 cm,58.4 cm,53.5 cm
1790750929.3273082,275632,1565,174.26,0,76.7 cm,112.5 cm,58.4 cm,54.0 cm
1790750929.5063412,275808,1566,179.03,0,76.7 cm,112.5 cm,58.8 cm,53.5 cm
1790750929.6797347,275984,1567,173.39,0,76.7 cm,101.9 cm,58.4 cm,53.5 cm
1790750929.859988,276159,1568,180.25,0,76.7 cm,112.1 cm,58.4 cm,54.0 cm
1790750930.0308447,276335,1569,170.86,0,77.2 cm,112.9 cm,58.4 cm,54.0 cm
1790750930.206005,276511,1570,175.16,0,76.7 cm,112.5 cm,58.4 cm,54.0 cm
1790750930.3911505,276687,1571,185.15,0,76.8 cm,112.5 cm,58.4 cm,54.0 cm
1790750930.5606143,276863,1572,169.46,0,76.7 cm,112.1 cm,58.4 cm,54.0 cm
1790750930.736637,277039,1573,176.02,0,76.7 cm,112.5 cm,58.4 cm,54.0 cm
1790750930.9209845,277224,1574,184.35,0,94.0 cm,243.0 cm,58.4 cm,53.5 cm
1790750931.1041949,277405,1575,183.21,0,31.8 cm,242.6 cm,58.4 cm,54.0 cm
1790750931.288924,277580,1576,184.73,0,76.7 cm,113.4 cm,58.4 cm,54.0 cm
1790750931.4492626,277753,1577,160.34,0,16.7 cm,112.9 cm,58.4 cm,54.0 cm
1790750931.6364858,277939,1578,187.22,0,96.5 cm,243.0 cm,58.4 cm,54.0 cm
1790750931.8197572,278118,1579,183.27,0,3.2 cm,243.0 cm,58.0 cm,54.0 cm
1790750932.0043542,278297,1580,184.6,0,3.6 cm,242.6 cm,58.4 cm,54.0 cm
1790750932.1797497,278469,1581,175.4,0,9.7 cm,119.3 cm,58.4 cm,54.0 cm
1790750932.3473907,278648,1582,167.64,0,4.8 cm,243.0 cm,58.4 cm,53.5 cm
1790750932.5130181,278818,1583,165.63,0,6.4 cm,86.9 cm,58.4 cm,53.5 cm
1790750932.6826267,278988,1584,169.61,0,7.7 cm,84.8 cm,58.4 cm,53.5 cm
1790750932.8749995,279180,1585,192.37,0,2.3 cm,No echo,58.4 cm,53.5 cm
1790750933.0437937,279346,1586,168.79,0,3.2 cm,6.1 cm,58.4 cm,54.0 cm
1790750933.2375054,279540,1587,193.71,0,36.9 cm,No echo,58.4 cm,54.0 cm
1790750933.4593925,279761,1588,221.89,0,No echo,No echo,58.4 cm,54.0 cm
1790750933.689994,279982,1589,230.6,0,No echo,No echo,58.4 cm,54.0 cm
1790750933.8985298,280203,1590,208.54,0,No echo,No echo,58.4 cm,54.0 cm
1790750934.067848,280371,1591,169.32,0,32.0 cm,3.3 cm,58.4 cm,53.5 cm
1790750934.2327132,280538,1592,164.87,0,32.0 cm,3.3 cm,58.4 cm,54.0 cm
1790750934.4292555,280732,1593,196.54,0,32.0 cm,No echo,58.4 cm,54.0 cm
1790750934.6053827,280900,1594,176.13,0,32.0 cm,4.9 cm,58.4 cm,54.0 cm
1790750934.762542,281067,1595,157.16,0,32.0 cm,3.3 cm,58.4 cm,53.5 cm
1790750934.9291453,281234,1596,166.6,0,31.5 cm,3.6 cm,58.4 cm,53.5 cm
1790750935.097375,281401,1597,168.23,0,32.0 cm,2.9 cm,58.4 cm,54.0 cm
1790750935.2655013,281569,1598,168.13,0,31.8 cm,14.7 cm,58.4 cm,54.0 cm
1790750935.439365,281742,1599,173.86,0,30.2 cm,101.4 cm,58.4 cm,53.5 cm
1790750935.6068788,281911,1600,167.51,0,24.5 cm,56.8 cm,58.0 cm,53.5 cm
1790750935.7975607,282080,1601,190.68,0,23.9 cm,54.2 cm,7.6 cm,54.0 cm
1790750935.948429,282252,1602,150.87,0,25.1 cm,101.0 cm,2.0 cm,54.0 cm
1790750936.1166449,282421,1603,168.22,0,24.8 cm,53.9 cm,2.0 cm,53.5 cm
1790750936.289941,282590,1604,173.3,0,24.5 cm,52.4 cm,2.0 cm,54.0 cm
1790750936.4587824,282759,1605,168.84,0,24.2 cm,52.0 cm,3.2 cm,54.0 cm
1790750936.628331,282931,1606,169.55,0,25.4 cm,100.9 cm,2.0 cm,54.0 cm
1790750936.8013678,283100,1607,173.04,0,24.2 cm,51.2 cm,2.0 cm,53.5 cm
1790750936.9873788,283269,1608,186.01,0,24.2 cm,50.3 cm,2.0 cm,54.0 cm
1790750937.149611,283438,1609,162.23,0,25.4 cm,50.1 cm,2.0 cm,54.0 cm
1790750937.303972,283607,1610,154.36,0,24.5 cm,50.5 cm,2.0 cm,54.0 cm
1790750937.4724607,283776,1611,168.49,0,25.4 cm,50.1 cm,2.3 cm,54.0 cm
1790750937.6402454,283945,1612,167.78,0,25.4 cm,58.4 cm,2.6 cm,54.0 cm
1790750937.844638,284114,1613,204.39,0,20.8 cm,53.6 cm,3.2 cm,54.0 cm
1790750937.9803972,284284,1614,135.76,0,42.9 cm,56.0 cm,2.6 cm,2.0 cm
1790750938.1490724,284454,1615,168.68,0,43.9 cm,57.1 cm,2.6 cm,2.0 cm
1790750938.3208466,284625,1616,171.77,0,49.9 cm,54.6 cm,2.0 cm,2.9 cm
1790750938.4915087,284796,1617,170.66,0,46.1 cm,56.8 cm,1.7 cm,No echo
1790750938.663921,284967,1618,172.41,0,46.9 cm,55.1 cm,1.7 cm,2.6 cm
1790750938.8366668,285138,1619,172.75,0,45.7 cm,51.2 cm,1.6 cm,3.2 cm
1790750939.0091352,285309,1620,172.47,0,44.7 cm,53.2 cm,4.2 cm,53.5 cm
1790750939.1760297,285481,1621,166.89,0,21.8 cm,100.6 cm,58.4 cm,53.5 cm
1790750939.3478596,285650,1622,171.83,0,30.2 cm,36.3 cm,58.8 cm,54.0 cm
1790750939.5275373,285832,1623,179.68,0,46.5 cm,242.1 cm,58.4 cm,54.0 cm
1790750939.7206812,286004,1624,193.14,0,32.6 cm,89.7 cm,58.4 cm,54.0 cm
1790750939.8794596,286180,1625,158.78,0,94.8 cm,101.8 cm,58.4 cm,54.0 cm
1790750940.0505323,286355,1626,171.07,0,76.7 cm,102.7 cm,58.4 cm,53.5 cm
1790750940.2253795,286530,1627,174.85,0,76.3 cm,112.1 cm,58.4 cm,54.0 cm
1790750940.4006376,286706,1628,175.26,0,76.7 cm,112.5 cm,58.4 cm,54.0 cm
1790750940.587797,286882,1629,187.16,0,76.7 cm,112.0 cm,58.4 cm,54.0 cm
1790750940.7668107,287058,1630,179.01,0,76.3 cm,112.1 cm,58.8 cm,54.0 cm
1790750940.929073,287234,1631,162.26,0,76.3 cm,112.1 cm,58.4 cm,54.0 cm
1790750941.1115093,287410,1632,182.44,0,76.7 cm,112.5 cm,58.4 cm,54.0 cm
1790750941.2879405,287583,1633,176.43,0,16.3 cm,103.6 cm,58.4 cm,54.0 cm
1790750941.45331,287758,1634,165.37,0,76.7 cm,111.2 cm,58.4 cm,54.0 cm
1790750941.6310112,287934,1635,177.7,0,76.3 cm,103.6 cm,58.0 cm,54.0 cm
1790750941.805339,288109,1636,174.33,0,76.7 cm,112.1 cm,58.4 cm,54.0 cm
1790750941.981771,288285,1637,176.43,0,76.7 cm,112.5 cm,58.8 cm,54.0 cm
1790750942.161529,288461,1638,179.76,0,76.7 cm,111.2 cm,58.4 cm,53.5 cm
1790750942.33286,288637,1639,171.33,0,76.7 cm,111.7 cm,58.4 cm,53.5 cm
1790750942.5083144,288813,1640,175.45,0,76.7 cm,112.1 cm,58.4 cm,53.6 cm
1790750942.6853576,288989,1641,177.04,0,76.7 cm,111.7 cm,58.4 cm,53.6 cm
1790750942.8600645,289165,1642,174.71,0,76.3 cm,102.7 cm,58.4 cm,53.6 cm
1790750943.0385873,289340,1643,178.52,0,76.7 cm,112.1 cm,58.0 cm,53.5 cm
1790750943.2171657,289516,1644,178.58,0,76.7 cm,102.3 cm,58.4 cm,53.5 cm
1790750943.3901412,289691,1645,172.98,0,76.7 cm,103.6 cm,58.0 cm,53.6 cm
1790750943.561163,289866,1646,171.02,0,76.7 cm,112.5 cm,58.0 cm,53.6 cm
1790750943.740192,290041,1647,179.03,0,76.7 cm,87.2 cm,58.4 cm,53.6 cm
1790750943.910155,290216,1648,169.96,0,76.7 cm,103.1 cm,58.4 cm,53.5 cm
1790750944.0870323,290391,1649,176.88,0,76.7 cm,112.5 cm,58.4 cm,53.5 cm
1790750944.2624335,290567,1650,175.4,0,76.7 cm,111.6 cm,58.4 cm,53.6 cm
1790750944.4382367,290743,1651,175.8,0,76.7 cm,112.5 cm,58.4 cm,53.6 cm
1790750944.6188254,290919,1652,180.59,0,76.7 cm,112.5 cm,58.4 cm,53.6 cm
1790750944.7909245,291095,1653,172.1,0,76.7 cm,112.1 cm,58.4 cm,53.6 cm
1790750944.96869,291271,1654,177.77,0,76.3 cm,112.5 cm,58.4 cm,53.6 cm
1790750945.1423116,291447,1655,173.62,0,76.7 cm,102.7 cm,58.4 cm,53.5 cm
1790750945.3167036,291621,1656,174.39,0,50.1 cm,112.1 cm,58.8 cm,53.5 cm
1790750945.4961467,291796,1657,179.44,0,50.1 cm,112.5 cm,58.8 cm,53.6 cm
1790750945.679794,291971,1658,183.65,0,56.4 cm,111.7 cm,58.4 cm,53.6 cm
1790750945.842749,292147,1659,162.96,0,76.4 cm,111.6 cm,58.4 cm,53.5 cm
1790750946.0182579,292323,1660,175.51,0,76.3 cm,112.9 cm,58.4 cm,53.6 cm
1790750946.1945236,292499,1661,176.27,0,76.7 cm,113.4 cm,58.4 cm,53.5 cm
1790750946.370571,292675,1662,176.05,0,75.9 cm,112.9 cm,58.4 cm,53.6 cm
1790750946.5472987,292851,1663,176.73,0,76.7 cm,112.9 cm,58.4 cm,53.6 cm
1790750946.7265973,293027,1664,179.3,0,76.3 cm,112.5 cm,58.4 cm,53.5 cm
1790750946.9003496,293203,1665,173.75,0,76.3 cm,112.9 cm,58.8 cm,54.0 cm
1790750947.0787401,293379,1666,178.39,0,76.7 cm,112.5 cm,58.8 cm,54.0 cm
1790750947.2516673,293555,1667,172.93,0,76.7 cm,112.5 cm,58.4 cm,54.0 cm
1790750947.4269764,293731,1668,175.31,0,76.7 cm,112.9 cm,58.8 cm,54.0 cm
1790750947.6019876,293907,1669,175.01,0,76.7 cm,112.5 cm,59.5 cm,53.5 cm
1790750947.7874043,294083,1670,185.42,0,76.3 cm,112.1 cm,58.8 cm,54.0 cm
1790750947.9645982,294259,1671,177.19,0,76.7 cm,112.5 cm,58.8 cm,53.5 cm
1790750948.129722,294435,1672,165.12,0,76.7 cm,112.5 cm,58.4 cm,54.0 cm
1790750948.310298,294611,1673,180.58,0,76.8 cm,112.9 cm,58.8 cm,54.0 cm
1790750948.482065,294787,1674,171.77,0,76.7 cm,112.5 cm,58.8 cm,54.0 cm
1790750948.66216,294963,1675,180.09,0,76.3 cm,111.2 cm,58.4 cm,54.0 cm
1790750948.8338547,295139,1676,171.69,0,76.7 cm,112.5 cm,58.8 cm,54.0 cm
1790750949.0107443,295313,1677,176.89,0,61.5 cm,88.9 cm,58.4 cm,53.5 cm
1790750949.1844513,295488,1678,173.71,0,75.9 cm,112.5 cm,58.4 cm,53.5 cm
1790750949.3601823,295664,1679,175.73,0,76.3 cm,112.1 cm,58.4 cm,53.5 cm
1790750949.5386744,295840,1680,178.49,0,76.7 cm,112.1 cm,58.8 cm,53.5 cm
1790750949.7106893,296016,1681,172.01,0,76.4 cm,113.3 cm,58.8 cm,53.5 cm
1790750949.8917255,296192,1682,181.04,0,76.4 cm,112.5 cm,58.8 cm,54.0 cm
1790750950.064315,296368,1683,172.59,0,76.7 cm,112.5 cm,58.8 cm,54.0 cm
1790750950.2392519,296544,1684,174.94,0,76.7 cm,113.8 cm,58.4 cm,54.0 cm
1790750950.420436,296720,1685,181.18,0,76.7 cm,112.1 cm,58.8 cm,53.5 cm
1790750950.5917702,296896,1686,171.33,0,76.7 cm,112.5 cm,58.4 cm,53.5 cm
1790750950.7865477,297072,1687,194.78,0,76.4 cm,112.5 cm,58.8 cm,53.5 cm
1790750950.9429238,297248,1688,156.38,0,76.7 cm,112.5 cm,58.8 cm,53.5 cm
1790750951.1207507,297424,1689,177.83,0,76.7 cm,113.4 cm,58.4 cm,53.5 cm
1790750951.297051,297600,1690,176.3,0,76.7 cm,112.9 cm,58.4 cm,54.0 cm
1790750951.4755032,297776,1691,178.45,0,76.7 cm,112.5 cm,58.4 cm,54.0 cm
1790750951.6567366,297960,1692,181.23,0,76.3 cm,242.5 cm,58.4 cm,54.0 cm
1790750951.8305743,298135,1693,173.84,0,77.2 cm,112.1 cm,58.8 cm,54.0 cm
1790750952.0153751,298319,1694,184.8,0,76.7 cm,242.5 cm,58.4 cm,53.5 cm
1790750952.1880302,298492,1695,172.66,0,76.3 cm,78.8 cm,58.8 cm,53.5 cm
1790750952.3663268,298668,1696,178.3,0,76.7 cm,111.2 cm,58.8 cm,53.5 cm
1790750952.5401368,298844,1697,173.81,0,76.7 cm,112.1 cm,58.4 cm,53.5 cm
1790750952.7186508,299020,1698,178.51,0,76.7 cm,112.9 cm,58.8 cm,53.5 cm
1790750952.893382,299196,1699,174.73,0,76.7 cm,112.5 cm,58.4 cm,54.0 cm
1790750953.069786,299372,1700,176.4,0,77.2 cm,112.5 cm,58.4 cm,54.0 cm
1790750953.2446818,299548,1701,174.9,0,76.7 cm,112.5 cm,58.4 cm,53.5 cm
1790750953.4214137,299723,1702,176.73,0,76.7 cm,89.8 cm,58.4 cm,54.0 cm
1790750953.594756,299898,1703,173.34,0,76.7 cm,112.5 cm,58.4 cm,54.0 cm
1790750953.7879896,300074,1704,193.23,0,77.3 cm,112.5 cm,58.8 cm,53.5 cm
1790750953.94884,300250,1705,160.85,0,76.3 cm,112.1 cm,58.4 cm,54.0 cm
1790750954.1216843,300426,1706,172.84,0,76.3 cm,112.5 cm,58.8 cm,53.5 cm
1790750954.298888,300602,1707,177.2,0,76.7 cm,112.9 cm,58.4 cm,54.0 cm
1790750954.4737573,300778,1708,174.87,0,76.7 cm,112.5 cm,58.4 cm,54.0 cm
1790750954.6497386,300954,1709,175.98,0,76.3 cm,112.5 cm,58.4 cm,54.0 cm
1790750954.8321898,301138,1710,182.45,0,76.7 cm,242.1 cm,58.8 cm,53.5 cm
1790750955.0164723,301321,1711,184.28,0,76.7 cm,242.1 cm,58.8 cm,53.5 cm
1790750955.191067,301496,1712,174.59,0,76.4 cm,112.5 cm,58.4 cm,54.0 cm
1790750955.3731396,301672,1713,182.07,0,76.7 cm,112.9 cm,58.4 cm,53.5 cm
1790750955.5434852,301848,1714,170.35,0,76.7 cm,112.9 cm,58.4 cm,53.5 cm
1790750955.7202413,302024,1715,176.76,0,76.3 cm,112.5 cm,58.4 cm,54.0 cm
1790750955.8989909,302200,1716,178.75,0,76.3 cm,112.5 cm,58.4 cm,54.0 cm
1790750956.0710933,302376,1717,172.1,0,76.7 cm,112.5 cm,58.4 cm,53.5 cm
1790750956.257696,302560,1718,186.6,0,76.7 cm,243.0 cm,58.4 cm,53.5 cm
1790750956.428653,302734,1719,170.96,0,76.7 cm,89.7 cm,58.4 cm,53.5 cm
1790750956.6040962,302909,1720,175.44,0,76.3 cm,112.5 cm,58.4 cm,54.0 cm
1790750956.786486,303085,1721,182.39,0,76.3 cm,112.5 cm,59.3 cm,53.5 cm
1790750956.9576597,303261,1722,171.17,0,76.7 cm,112.1 cm,58.4 cm,54.0 cm
1790750957.1338153,303437,1723,176.16,0,76.7 cm,112.9 cm,58.4 cm,53.5 cm
1790750957.3113365,303613,1724,177.52,0,76.3 cm,112.5 cm,58.4 cm,53.5 cm
1790750957.4887476,303789,1725,177.41,0,76.3 cm,113.3 cm,58.8 cm,53.5 cm
1790750957.6604416,303965,1726,171.69,0,76.7 cm,112.5 cm,58.4 cm,53.5 cm
1790750957.8356736,304141,1727,175.23,0,76.7 cm,112.1 cm,58.8 cm,54.0 cm
1790750958.012373,304317,1728,176.7,0,76.8 cm,112.9 cm,58.8 cm,53.5 cm
1790750958.189524,304493,1729,177.15,0,76.7 cm,112.1 cm,58.8 cm,53.5 cm
1790750958.3645778,304669,1730,175.05,0,77.2 cm,112.1 cm,58.4 cm,54.0 cm
1790750958.539842,304845,1731,175.26,0,76.4 cm,112.1 cm,58.4 cm,53.5 cm
1790750958.7162976,305021,1732,176.46,0,76.7 cm,112.5 cm,58.8 cm,54.0 cm
1790750958.8916914,305197,1733,175.39,0,76.7 cm,112.5 cm,58.4 cm,53.5 cm
1790750959.0684617,305373,1734,176.77,0,76.7 cm,112.5 cm,58.8 cm,53.5 cm
1790750959.244204,305549,1735,175.74,0,77.2 cm,112.1 cm,58.4 cm,53.6 cm
1790750959.421195,305725,1736,176.99,0,76.7 cm,112.5 cm,58.4 cm,53.5 cm
1790750959.5976877,305901,1737,176.49,0,76.7 cm,112.5 cm,58.4 cm,53.6 cm
1790750959.7818809,306077,1738,184.19,0,76.7 cm,113.4 cm,58.4 cm,53.6 cm
1790750959.9560878,306253,1739,174.21,0,76.7 cm,112.5 cm,58.4 cm,53.6 cm
1790750960.1241658,306429,1740,168.08,0,75.8 cm,112.5 cm,58.4 cm,53.5 cm
1790750960.3003843,306605,1741,176.22,0,77.2 cm,112.1 cm,58.4 cm,53.6 cm
1790750960.4759967,306781,1742,175.61,0,76.7 cm,112.5 cm,58.8 cm,53.5 cm
1790750960.6515172,306957,1743,175.52,0,76.7 cm,112.5 cm,58.4 cm,53.6 cm
1790750960.8284097,307133,1744,176.89,0,76.3 cm,112.1 cm,58.8 cm,53.6 cm
1790750961.0041175,307309,1745,175.71,0,76.7 cm,112.1 cm,58.8 cm,53.5 cm
1790750961.1805084,307485,1746,176.39,0,76.4 cm,112.5 cm,58.4 cm,53.5 cm
1790750961.3602567,307661,1747,179.75,0,76.7 cm,113.3 cm,58.4 cm,53.5 cm
1790750961.5324235,307837,1748,172.17,0,76.7 cm,111.6 cm,58.8 cm,53.6 cm
1790750961.7124047,308013,1749,179.98,0,76.3 cm,112.1 cm,58.4 cm,53.5 cm
1790750961.9011014,308189,1750,188.7,0,76.3 cm,112.1 cm,58.4 cm,53.6 cm
1790750962.0593972,308365,1751,158.3,0,76.8 cm,112.5 cm,58.4 cm,53.6 cm
1790750962.2430966,308541,1752,183.7,0,76.7 cm,112.1 cm,58.4 cm,53.6 cm
1790750962.4136767,308717,1753,170.58,0,76.4 cm,112.1 cm,58.4 cm,53.6 cm
1790750962.5929353,308893,1754,179.26,0,76.7 cm,112.1 cm,58.4 cm,53.6 cm
1790750962.7819092,309069,1755,188.97,0,76.7 cm,112.1 cm,58.4 cm,54.0 cm
1790750962.9502451,309245,1756,168.34,0,76.8 cm,112.1 cm,58.8 cm,53.5 cm
1790750963.1180162,309421,1757,167.77,0,76.7 cm,112.1 cm,58.4 cm,54.0 cm
1790750963.2899008,309595,1758,171.88,0,76.3 cm,79.2 cm,58.4 cm,54.0 cm
1790750963.4669461,309771,1759,177.05,0,76.3 cm,112.1 cm,58.4 cm,54.0 cm
1790750963.642561,309947,1760,175.61,0,76.3 cm,112.9 cm,58.8 cm,53.5 cm
1790750963.8253403,310123,1761,182.78,0,76.7 cm,112.5 cm,58.4 cm,54.0 cm
1790750964.0004811,310299,1762,175.14,0,76.7 cm,111.6 cm,58.4 cm,54.0 cm
1790750964.1716683,310475,1763,171.19,0,76.8 cm,112.5 cm,58.4 cm,53.5 cm
1790750964.3464346,310651,1764,174.77,0,76.7 cm,112.0 cm,58.4 cm,54.0 cm
1790750964.522471,310827,1765,176.04,0,76.7 cm,112.1 cm,58.4 cm,54.0 cm
1790750964.697772,311003,1766,175.3,0,76.7 cm,112.5 cm,58.4 cm,54.0 cm
1790750964.890026,311179,1767,192.25,0,76.3 cm,112.5 cm,58.4 cm,54.0 cm
1790750965.051539,311355,1768,161.51,0,76.7 cm,112.1 cm,58.4 cm,54.0 cm
1790750965.2292392,311531,1769,177.7,0,77.2 cm,112.5 cm,58.8 cm,54.0 cm
1790750965.4019282,311707,1770,172.69,0,76.7 cm,112.1 cm,58.4 cm,54.0 cm
1790750965.5829651,311883,1771,181.04,0,76.7 cm,112.1 cm,58.4 cm,54.0 cm
1790750965.7539327,312059,1772,170.97,0,76.7 cm,111.7 cm,58.4 cm,54.0 cm
1790750965.9302902,312235,1773,176.36,0,76.7 cm,112.5 cm,58.4 cm,54.0 cm
1790750966.1149795,312419,1774,184.69,0,76.7 cm,242.6 cm,58.8 cm,54.0 cm
1790750966.2916286,312594,1775,176.65,0,76.3 cm,110.8 cm,58.4 cm,54.0 cm
1790750966.4639509,312769,1776,172.32,0,76.7 cm,112.1 cm,58.4 cm,54.0 cm
1790750966.639002,312944,1777,175.05,0,76.7 cm,90.2 cm,58.4 cm,54.0 cm
1790750966.813658,313119,1778,174.66,0,76.7 cm,111.7 cm,58.4 cm,54.0 cm
1790750966.9928217,313295,1779,179.16,0,76.7 cm,112.5 cm,58.4 cm,54.0 cm
1790750967.1663578,313471,1780,173.54,0,76.7 cm,112.5 cm,58.4 cm,54.0 cm
1790750967.3456006,313647,1781,179.24,0,76.7 cm,111.6 cm,58.4 cm,54.0 cm
1790750967.521576,313823,1782,175.98,0,76.7 cm,112.5 cm,58.4 cm,54.0 cm
1790750967.6966405,313999,1783,175.06,0,77.2 cm,112.5 cm,58.4 cm,54.0 cm
1790750967.8906014,314175,1784,193.96,0,76.7 cm,112.5 cm,58.4 cm,54.0 cm
1790750968.0497367,314351,1785,159.14,0,76.3 cm,111.2 cm,58.4 cm,54.0 cm
1790750968.2248447,314527,1786,175.11,0,77.2 cm,112.5 cm,58.4 cm,54.0 cm
1790750968.3994815,314703,1787,174.64,0,76.7 cm,112.5 cm,58.4 cm,54.0 cm
1790750968.5762758,314879,1788,176.79,0,76.7 cm,112.1 cm,58.0 cm,54.0 cm
1790750968.7508533,315055,1789,174.58,0,76.3 cm,112.9 cm,58.4 cm,54.0 cm
1790750968.9263313,315231,1790,175.48,0,76.7 cm,112.5 cm,58.4 cm,54.0 cm
1790750969.124522,315407,1791,198.19,0,76.7 cm,112.5 cm,58.4 cm,54.0 cm
1790750969.2809587,315583,1792,156.44,0,76.7 cm,112.5 cm,58.4 cm,54.0 cm
1790750969.4542189,315759,1793,173.26,0,76.7 cm,112.5 cm,58.4 cm,54.0 cm
1790750969.6302512,315935,1794,176.03,0,76.7 cm,112.5 cm,58.4 cm,54.0 cm
1790750969.8063247,316111,1795,176.07,0,76.7 cm,112.5 cm,58.4 cm,54.0 cm
1790750969.983846,316287,1796,177.52,0,76.7 cm,112.1 cm,58.4 cm,54.0 cm
1790750970.1940792,316463,1797,210.23,0,78.0 cm,112.1 cm,58.4 cm,54.0 cm
1790750970.3364506,316639,1798,142.37,0,76.7 cm,112.5 cm,58.4 cm,54.0 cm
1790750970.5115945,316815,1799,175.14,0,76.7 cm,112.5 cm,58.4 cm,54.0 cm
1790750970.68943,316991,1800,177.84,0,76.3 cm,112.5 cm,58.4 cm,54.0 cm
1790750970.8622746,317167,1801,172.84,0,76.7 cm,112.5 cm,58.4 cm,54.0 cm
1790750971.049302,317341,1802,187.03,0,76.7 cm,78.8 cm,58.4 cm,54.0 cm
1790750971.2136226,317517,1803,164.32,0,76.7 cm,112.1 cm,58.4 cm,54.0 cm
1790750971.3871155,317692,1804,173.49,0,76.7 cm,89.7 cm,58.4 cm,54.0 cm
1790750971.56234,317867,1805,175.22,0,76.7 cm,112.5 cm,58.4 cm,53.6 cm
1790750971.7408605,318043,1806,178.52,0,76.7 cm,112.5 cm,58.4 cm,53.6 cm
1790750971.9155493,318219,1807,174.69,0,76.7 cm,112.5 cm,58.4 cm,53.5 cm
1790750972.102903,318395,1808,187.35,0,76.3 cm,112.9 cm,58.4 cm,53.6 cm
1790750972.2662277,318571,1809,163.32,0,76.7 cm,113.4 cm,58.4 cm,53.6 cm
1790750972.4438157,318747,1810,177.59,0,76.7 cm,112.5 cm,58.4 cm,53.6 cm
1790750972.6191134,318923,1811,175.3,0,76.3 cm,112.5 cm,58.4 cm,53.6 cm
1790750972.794276,319099,1812,175.16,0,76.7 cm,112.1 cm,58.4 cm,53.6 cm
1790750972.9881625,319275,1813,193.89,0,76.3 cm,112.9 cm,58.4 cm,53.5 cm
1790750973.1503336,319451,1814,162.17,0,76.3 cm,103.1 cm,58.4 cm,53.6 cm
1790750973.3211508,319625,1815,170.82,0,76.3 cm,91.4 cm,58.4 cm,53.6 cm
1790750973.4974217,319800,1816,176.27,0,76.3 cm,112.5 cm,58.4 cm,53.6 cm
1790750973.6741178,319976,1817,176.7,0,76.3 cm,112.9 cm,58.4 cm,53.6 cm
1790750973.8479497,320152,1818,173.83,0,76.7 cm,112.5 cm,58.4 cm,53.6 cm
1790750974.0231528,320328,1819,175.2,0,76.7 cm,113.4 cm,58.4 cm,53.6 cm
1790750974.2012694,320504,1820,178.12,0,76.3 cm,112.5 cm,58.4 cm,54.0 cm
1790750974.3753235,320680,1821,174.05,0,76.3 cm,112.5 cm,58.4 cm,54.0 cm
1790750974.5509944,320856,1822,175.67,0,76.7 cm,112.5 cm,58.4 cm,54.0 cm
1790750974.7290542,321032,1823,178.06,0,76.8 cm,113.4 cm,58.4 cm,54.0 cm
1790750974.903836,321208,1824,174.78,0,76.7 cm,112.5 cm,58.4 cm,53.1 cm
1790750975.1048708,321384,1825,201.03,0,76.7 cm,112.5 cm,58.4 cm,54.0 cm
1790750975.2631173,321560,1826,158.25,0,77.2 cm,111.6 cm,58.4 cm,54.0 cm
1790750975.4310594,321736,1827,167.94,0,76.7 cm,112.1 cm,58.4 cm,54.0 cm
1790750975.6105342,321912,1828,179.47,0,76.7 cm,111.6 cm,58.4 cm,54.0 cm
1790750975.7837062,322088,1829,173.17,0,76.7 cm,112.1 cm,58.4 cm,54.0 cm
1790750975.96135,322264,1830,177.64,0,76.7 cm,112.1 cm,58.4 cm,54.0 cm
1790750976.134642,322440,1831,173.29,0,76.7 cm,111.6 cm,58.8 cm,54.0 cm
1790750976.3114374,322616,1832,176.8,0,76.7 cm,102.3 cm,58.4 cm,54.0 cm
1790750976.4896493,322791,1833,178.21,0,76.3 cm,101.8 cm,58.4 cm,54.0 cm
1790750976.6665196,322964,1834,176.87,0,76.7 cm,78.0 cm,58.4 cm,54.0 cm
1790750976.8372645,323140,1835,170.74,0,76.3 cm,112.5 cm,58.4 cm,54.0 cm
1790750977.012366,323316,1836,175.1,0,76.7 cm,112.1 cm,58.0 cm,54.0 cm
1790750977.187706,323492,1837,175.34,0,76.3 cm,113.3 cm,58.4 cm,54.0 cm
1790750977.3633862,323668,1838,175.68,0,76.3 cm,112.5 cm,58.4 cm,54.0 cm
1790750977.5459607,323844,1839,182.57,0,76.7 cm,112.5 cm,58.4 cm,54.0 cm
1790750977.7173605,324020,1840,171.4,0,76.7 cm,112.5 cm,58.4 cm,54.0 cm
1790750977.8923128,324196,1841,174.95,0,76.7 cm,112.5 cm,58.4 cm,54.0 cm
1790750978.0937371,324372,1842,201.42,0,76.7 cm,112.1 cm,58.0 cm,54.0 cm
1790750978.243629,324548,1843,149.89,0,76.7 cm,112.1 cm,58.4 cm,54.0 cm
1790750978.4210975,324724,1844,177.47,0,74.7 cm,113.8 cm,58.4 cm,54.0 cm
1790750978.595408,324900,1845,174.31,0,75.9 cm,112.5 cm,58.4 cm,54.0 cm
1790750978.7721808,325076,1846,176.77,0,76.7 cm,111.2 cm,58.4 cm,54.0 cm
1790750978.949087,325252,1847,176.91,0,76.7 cm,112.1 cm,58.4 cm,54.0 cm
1790750979.126584,325428,1848,177.5,0,76.3 cm,111.7 cm,58.4 cm,54.0 cm
1790750979.306058,325604,1849,179.47,0,76.3 cm,112.5 cm,58.4 cm,54.0 cm
1790750979.4867568,325780,1850,180.7,0,76.7 cm,112.1 cm,58.0 cm,54.0 cm
1790750979.6518445,325956,1851,165.09,0,76.3 cm,112.1 cm,58.4 cm,54.0 cm
1790750979.8271122,326132,1852,175.27,0,76.8 cm,112.1 cm,58.4 cm,54.0 cm
1790750980.002828,326308,1853,175.72,0,76.4 cm,112.5 cm,58.4 cm,54.8 cm
1790750980.207121,326484,1854,204.29,0,76.7 cm,112.5 cm,58.4 cm,54.0 cm
1790750980.3552454,326660,1855,148.12,0,76.7 cm,112.1 cm,58.4 cm,54.0 cm
1790750980.5332823,326836,1856,178.04,0,76.7 cm,112.5 cm,58.4 cm,54.0 cm
1790750980.7124822,327012,1857,179.2,0,76.3 cm,112.1 cm,58.4 cm,54.0 cm
1790750980.885518,327188,1858,173.04,0,76.7 cm,112.5 cm,58.4 cm,54.0 cm
1790750981.0584304,327364,1859,172.91,0,76.7 cm,112.0 cm,58.4 cm,54.0 cm
1790750981.2350054,327540,1860,176.57,0,76.3 cm,112.5 cm,58.0 cm,54.0 cm
1790750981.4105048,327716,1861,175.5,0,76.7 cm,102.7 cm,58.4 cm,54.0 cm
1790750981.5879388,327891,1862,177.43,0,76.3 cm,112.5 cm,58.4 cm,54.0 cm
1790750981.7783327,328067,1863,190.39,0,76.7 cm,112.5 cm,58.4 cm,54.0 cm
1790750981.9465911,328243,1864,168.26,0,76.7 cm,112.5 cm,58.4 cm,54.0 cm
1790750982.1140182,328419,1865,167.43,0,76.3 cm,112.1 cm,58.4 cm,54.0 cm
1790750982.3107548,328595,1866,196.74,0,76.7 cm,112.1 cm,58.4 cm,54.0 cm
1790750982.469736,328771,1867,158.98,0,76.7 cm,112.1 cm,58.4 cm,54.0 cm
1790750982.6422665,328947,1868,172.53,0,76.4 cm,112.5 cm,58.4 cm,54.0 cm
1790750982.8174002,329123,1869,175.13,0,76.7 cm,112.1 cm,58.4 cm,54.0 cm
1790750982.9942548,329299,1870,176.85,0,76.7 cm,112.9 cm,58.4 cm,54.0 cm
1790750983.201681,329475,1871,207.43,0,76.7 cm,112.5 cm,58.4 cm,54.0 cm
1790750983.350986,329651,1872,149.31,0,76.7 cm,110.3 cm,58.4 cm,54.0 cm
1790750983.522987,329826,1873,172.0,0,76.7 cm,113.4 cm,58.4 cm,54.0 cm
1790750983.7002125,330002,1874,177.23,0,76.3 cm,112.5 cm,58.4 cm,54.0 cm
1790750983.8733265,330178,1875,173.11,0,77.2 cm,112.1 cm,58.4 cm,54.0 cm
1790750984.049108,330354,1876,175.78,0,76.7 cm,112.5 cm,58.4 cm,54.0 cm
1790750984.2287638,330530,1877,179.66,0,76.7 cm,112.5 cm,58.4 cm,54.0 cm
1790750984.4041018,330706,1878,175.34,0,76.7 cm,112.5 cm,58.4 cm,54.0 cm
1790750984.578931,330882,1879,174.83,0,76.7 cm,112.1 cm,58.4 cm,54.0 cm
1790750984.7526188,331055,1880,173.69,0,16.7 cm,112.5 cm,58.4 cm,54.0 cm
1790750984.9276063,331231,1881,174.99,0,76.7 cm,112.1 cm,58.4 cm,54.0 cm
1790750985.1017573,331407,1882,174.15,0,76.7 cm,112.5 cm,58.4 cm,54.0 cm
1790750985.277461,331583,1883,175.7,0,76.7 cm,112.5 cm,58.0 cm,54.0 cm
1790750985.4538326,331759,1884,176.37,0,75.9 cm,112.5 cm,58.4 cm,53.5 cm
1790750985.6320868,331935,1885,178.25,0,76.3 cm,112.5 cm,58.4 cm,54.0 cm
1790750985.815996,332111,1886,183.91,0,76.7 cm,112.1 cm,58.4 cm,54.0 cm
1790750985.981105,332284,1887,165.11,0,16.7 cm,112.0 cm,58.0 cm,54.0 cm
1790750986.1586735,332460,1888,177.57,0,76.7 cm,112.9 cm,58.4 cm,54.0 cm
1790750986.3336713,332636,1889,175.0,0,76.7 cm,112.1 cm,58.4 cm,54.0 cm
1790750986.5104933,332812,1890,176.82,0,76.3 cm,111.2 cm,58.4 cm,54.0 cm
1790750986.6818428,332986,1891,171.35,0,76.7 cm,76.2 cm,58.4 cm,54.0 cm
1790750986.8679845,333170,1892,186.14,0,75.9 cm,242.9 cm,58.4 cm,54.0 cm
1790750987.053781,333345,1893,185.8,0,76.3 cm,112.5 cm,58.4 cm,54.0 cm
1790750987.2203648,333521,1894,166.58,0,76.7 cm,112.1 cm,58.4 cm,54.0 cm
1790750987.3892877,333694,1895,168.92,0,16.7 cm,113.3 cm,58.4 cm,54.0 cm
1790750987.5649917,333870,1896,175.7,0,76.7 cm,112.5 cm,58.4 cm,54.0 cm
1790750987.741157,334046,1897,176.17,0,76.7 cm,112.5 cm,58.4 cm,54.0 cm
1790750987.9172873,334222,1898,176.13,0,76.3 cm,112.1 cm,58.4 cm,54.0 cm
1790750988.0966456,334398,1899,179.36,0,76.3 cm,112.5 cm,58.0 cm,54.0 cm
1790750988.272922,334574,1900,176.28,0,76.3 cm,112.0 cm,58.4 cm,54.0 cm
1790750988.444628,334750,1901,171.71,0,76.7 cm,112.1 cm,58.4 cm,54.0 cm
1790750988.6179016,334923,1902,173.27,0,16.7 cm,112.5 cm,58.4 cm,54.0 cm
1790750988.790394,335096,1903,172.49,0,16.7 cm,112.5 cm,58.4 cm,54.0 cm
1790750988.9666648,335272,1904,176.27,0,77.2 cm,112.9 cm,58.4 cm,54.0 cm
1790750989.1462088,335448,1905,179.54,0,76.7 cm,113.4 cm,58.4 cm,54.0 cm
1790750989.3259873,335624,1906,179.78,0,76.7 cm,113.3 cm,58.4 cm,54.0 cm
1790750989.4963305,335800,1907,170.34,0,76.7 cm,111.6 cm,58.4 cm,54.0 cm
1790750989.6721103,335976,1908,175.78,0,76.3 cm,112.1 cm,58.4 cm,54.0 cm
1790750989.852654,336152,1909,180.54,0,76.3 cm,113.3 cm,58.4 cm,54.0 cm
1790750990.0230412,336328,1910,170.39,0,76.7 cm,112.1 cm,58.4 cm,54.0 cm
1790750990.198588,336504,1911,175.55,0,76.3 cm,113.3 cm,58.4 cm,54.0 cm
1790750990.3885071,336680,1912,189.92,0,76.3 cm,112.1 cm,58.4 cm,54.0 cm
1790750990.5616298,336856,1913,173.12,0,76.7 cm,113.3 cm,58.4 cm,54.0 cm
1790750990.7294312,337032,1914,167.8,0,76.7 cm,112.9 cm,58.4 cm,54.0 cm
1790750990.9023302,337208,1915,172.9,0,76.7 cm,111.6 cm,58.4 cm,54.0 cm
1790750991.0808535,337384,1916,178.52,0,76.3 cm,112.1 cm,58.4 cm,54.0 cm
1790750991.2551184,337560,1917,174.26,0,76.3 cm,112.5 cm,58.4 cm,54.0 cm
1790750991.430733,337736,1918,175.61,0,76.7 cm,112.5 cm,58.4 cm,54.0 cm
1790750991.6083791,337912,1919,177.65,0,76.7 cm,112.1 cm,58.4 cm,54.0 cm
1790750991.7905362,338096,1920,182.16,0,76.7 cm,242.5 cm,58.4 cm,54.0 cm
1790750991.9682143,338272,1921,177.68,0,76.7 cm,111.6 cm,58.4 cm,54.0 cm
1790750992.169571,338456,1922,201.36,0,76.3 cm,242.5 cm,58.4 cm,54.0 cm
1790750992.32777,338631,1923,158.2,0,76.7 cm,112.5 cm,58.4 cm,54.0 cm
1790750992.5045056,338807,1924,176.74,0,76.7 cm,112.5 cm,58.4 cm,54.0 cm
1790750992.6818817,338983,1925,177.38,0,76.7 cm,112.5 cm,58.4 cm,54.0 cm
1790750992.858693,339159,1926,176.81,0,76.7 cm,112.1 cm,58.4 cm,54.0 cm
1790750993.0304215,339335,1927,171.73,0,76.7 cm,112.5 cm,58.4 cm,54.0 cm
1790750993.2072098,339511,1928,176.79,0,76.7 cm,103.1 cm,58.4 cm,54.0 cm
1790750993.3831222,339686,1929,175.91,0,76.7 cm,112.0 cm,58.4 cm,54.0 cm
1790750993.5592651,339862,1930,176.14,0,76.7 cm,112.5 cm,58.4 cm,54.0 cm
1790750993.7378693,340038,1931,178.6,0,76.3 cm,112.5 cm,58.4 cm,54.0 cm
1790750993.9329214,340214,1932,195.05,0,76.7 cm,113.3 cm,58.4 cm,54.0 cm
1790750994.0841825,340390,1933,151.26,0,76.3 cm,113.3 cm,58.4 cm,54.0 cm
1790750994.2606723,340566,1934,176.49,0,76.7 cm,112.9 cm,58.4 cm,54.0 cm
1790750994.4363382,340742,1935,175.67,0,76.7 cm,112.5 cm,58.4 cm,54.0 cm
1790750994.6238256,340918,1936,187.49,0,76.3 cm,112.1 cm,58.4 cm,54.0 cm
1790750994.7912092,341094,1937,167.38,0,76.7 cm,112.5 cm,58.4 cm,54.0 cm
1790750994.9690895,341270,1938,177.88,0,76.4 cm,112.5 cm,58.4 cm,54.0 cm
1790750995.1456282,341446,1939,176.54,0,76.7 cm,113.3 cm,58.4 cm,54.0 cm
1790750995.323867,341622,1940,178.24,0,75.9 cm,112.1 cm,58.4 cm,54.0 cm
1790750995.4924726,341798,1941,168.61,0,76.7 cm,112.5 cm,58.4 cm,54.0 cm
1790750995.670296,341974,1942,177.82,0,76.7 cm,112.5 cm,58.4 cm,54.0 cm
1790750995.8450148,342150,1943,174.72,0,76.7 cm,112.1 cm,58.4 cm,54.0 cm
1790750996.034199,342326,1944,189.18,0,76.3 cm,112.5 cm,58.4 cm,54.0 cm
1790750996.1990237,342501,1945,164.82,0,52.5 cm,110.8 cm,58.4 cm,54.0 cm
1790750996.371641,342676,1946,172.62,0,76.7 cm,86.4 cm,58.4 cm,54.0 cm
1790750996.550459,342851,1947,178.82,0,76.7 cm,103.6 cm,58.4 cm,54.0 cm
1790750996.7207115,343026,1948,170.25,0,76.7 cm,111.6 cm,58.4 cm,54.0 cm
1790750996.8981743,343202,1949,177.46,0,76.7 cm,112.1 cm,58.8 cm,54.0 cm
1790750997.0736728,343378,1950,175.5,0,76.7 cm,112.1 cm,58.4 cm,54.0 cm
1790750997.2481937,343554,1951,174.52,0,76.7 cm,112.1 cm,58.4 cm,53.5 cm
1790750997.4299448,343730,1952,181.75,0,76.7 cm,112.1 cm,58.4 cm,54.0 cm
1790750997.6033893,343906,1953,173.44,0,76.7 cm,111.6 cm,58.4 cm,53.6 cm
1790750997.7835796,344082,1954,180.19,0,76.7 cm,112.1 cm,58.8 cm,53.6 cm
1790750997.9526486,344258,1955,169.07,0,76.7 cm,111.6 cm,58.8 cm,53.6 cm
1790750998.1309142,344434,1956,178.27,0,76.7 cm,112.0 cm,58.4 cm,53.5 cm
1790750998.3044796,344610,1957,173.57,0,76.3 cm,112.5 cm,58.4 cm,53.5 cm
1790750998.4804852,344786,1958,176.01,0,76.7 cm,112.5 cm,58.4 cm,53.6 cm
1790750998.6702938,344962,1959,189.81,0,76.7 cm,112.1 cm,58.4 cm,53.6 cm
1790750998.9810185,345137,1960,310.72,0,76.7 cm,112.0 cm,58.4 cm,53.6 cm
1790750999.0195096,345313,1961,38.49,0,76.3 cm,112.1 cm,58.4 cm,53.6 cm
1790750999.1839375,345489,1962,164.43,0,76.7 cm,112.5 cm,58.4 cm,53.5 cm
1790750999.3598628,345665,1963,175.93,0,76.7 cm,112.1 cm,58.4 cm,53.6 cm
1790750999.5354614,345841,1964,175.6,0,76.7 cm,112.1 cm,58.4 cm,53.6 cm
1790750999.7113914,346017,1965,175.93,0,76.7 cm,111.6 cm,58.0 cm,53.6 cm
1790750999.8895986,346193,1966,178.21,0,76.7 cm,111.6 cm,58.4 cm,53.5 cm
1790751000.082662,346368,1967,193.06,0,76.7 cm,112.9 cm,58.4 cm,53.0 cm
1790751000.2508397,346544,1968,168.18,0,76.7 cm,112.5 cm,58.4 cm,53.6 cm
1790751000.4150233,346720,1969,164.18,0,77.2 cm,112.5 cm,58.4 cm,53.6 cm
1790751000.5909586,346896,1970,175.94,0,76.3 cm,112.5 cm,58.4 cm,53.6 cm
1790751000.7670798,347072,1971,176.12,0,76.7 cm,112.5 cm,58.4 cm,53.5 cm
1790751000.9766858,347248,1972,209.61,0,76.7 cm,112.1 cm,58.4 cm,53.6 cm
1790751001.1301117,347424,1973,153.43,0,76.3 cm,112.1 cm,58.4 cm,53.5 cm
1790751001.305081,347600,1974,174.97,0,76.7 cm,111.6 cm,58.0 cm,53.6 cm
1790751001.4728596,347776,1975,167.78,0,76.7 cm,114.2 cm,58.4 cm,53.5 cm
1790751001.6513486,347952,1976,178.49,0,76.7 cm,112.1 cm,58.4 cm,53.6 cm
1790751001.8238394,348127,1977,172.49,0,76.3 cm,88.1 cm,58.4 cm,53.5 cm
1790751001.9962404,348302,1978,172.4,0,76.7 cm,112.1 cm,58.4 cm,54.0 cm
1790751002.1849043,348478,1979,188.66,0,76.7 cm,112.1 cm,58.4 cm,54.0 cm
1790751002.3503082,348654,1980,165.4,0,76.3 cm,112.1 cm,58.4 cm,54.0 cm
1790751002.5284975,348830,1981,178.19,0,76.7 cm,111.6 cm,58.4 cm,54.0 cm
1790751002.7058117,349005,1982,177.31,0,50.6 cm,112.0 cm,58.4 cm,54.0 cm
1790751002.8749208,349181,1983,169.11,0,76.4 cm,112.1 cm,58.4 cm,54.0 cm
1790751003.0544825,349357,1984,179.56,0,76.7 cm,111.6 cm,58.4 cm,54.0 cm
1790751003.22848,349533,1985,174.0,0,76.7 cm,111.6 cm,58.4 cm,54.0 cm
1790751003.4053555,349709,1986,176.88,0,76.7 cm,112.0 cm,58.4 cm,53.5 cm
1790751003.5782404,349884,1987,172.88,0,56.5 cm,111.6 cm,58.4 cm,54.0 cm
1790751003.77113,350060,1988,192.89,0,77.2 cm,112.1 cm,58.4 cm,54.0 cm
1790751003.934795,350235,1989,163.66,0,57.0 cm,111.6 cm,58.4 cm,54.0 cm
1790751004.1109164,350410,1990,176.12,0,57.4 cm,111.6 cm,58.4 cm,54.0 cm
1790751004.2835398,350586,1991,172.62,0,76.7 cm,112.1 cm,58.4 cm,54.0 cm
1790751004.4620836,350762,1992,178.54,0,76.7 cm,111.6 cm,58.4 cm,53.5 cm
1790751004.632655,350938,1993,170.57,0,77.2 cm,111.6 cm,58.4 cm,53.5 cm
1790751004.8087687,351114,1994,176.11,0,76.7 cm,111.6 cm,58.4 cm,54.0 cm
1790751004.9882882,351290,1995,179.52,0,76.7 cm,112.1 cm,58.4 cm,53.5 cm
1790751005.1772165,351466,1996,188.93,0,76.7 cm,112.1 cm,58.4 cm,54.0 cm
1790751005.3412645,351642,1997,164.05,0,76.7 cm,112.1 cm,58.8 cm,54.0 cm
1790751005.518036,351818,1998,176.77,0,76.7 cm,112.1 cm,58.8 cm,54.0 cm
1790751005.7038007,351994,1999,185.76,0,77.2 cm,112.5 cm,58.4 cm,54.0 cm
1790751005.8669524,352170,2000,163.15,0,76.7 cm,112.1 cm,58.4 cm,54.0 cm
1790751006.0409822,352346,2001,174.03,0,76.4 cm,111.6 cm,58.4 cm,53.5 cm
1790751006.2304626,352521,2002,189.48,0,56.5 cm,112.1 cm,58.4 cm,54.0 cm
1790751006.3962743,352697,2003,165.81,0,76.7 cm,111.6 cm,58.4 cm,53.5 cm
1790751006.5733607,352871,2004,177.09,0,77.2 cm,78.0 cm,58.8 cm,54.0 cm
1790751006.742897,353047,2005,169.54,0,76.3 cm,112.1 cm,58.4 cm,54.0 cm
1790751006.9166033,353222,2006,173.71,0,76.3 cm,87.6 cm,58.4 cm,54.0 cm
1790751007.0906684,353396,2007,174.07,0,77.2 cm,87.7 cm,58.4 cm,54.0 cm
1790751007.2840157,353571,2008,193.35,0,76.7 cm,112.1 cm,58.8 cm,54.0 cm
1790751007.4421194,353747,2009,158.1,0,76.7 cm,112.1 cm,58.4 cm,54.0 cm
1790751007.6194217,353923,2010,177.3,0,76.7 cm,112.0 cm,58.8 cm,54.0 cm
1790751007.7947884,354099,2011,175.37,0,76.7 cm,112.0 cm,58.8 cm,53.5 cm
1790751007.974148,354275,2012,179.36,0,76.7 cm,112.1 cm,58.4 cm,53.5 cm
1790751008.145843,354451,2013,171.69,0,76.7 cm,112.5 cm,58.4 cm,54.0 cm
1790751008.3213308,354627,2014,175.49,0,76.7 cm,111.6 cm,58.8 cm,54.0 cm
1790751008.4983926,354803,2015,177.06,0,76.7 cm,113.3 cm,58.8 cm,53.5 cm
1790751008.6737323,354979,2016,175.34,0,76.3 cm,112.5 cm,58.0 cm,54.0 cm
1790751008.8526492,355155,2017,178.92,0,77.2 cm,111.6 cm,58.4 cm,54.0 cm
1790751009.025565,355331,2018,172.92,0,76.7 cm,111.6 cm,58.4 cm,54.0 cm
1790751009.20451,355507,2019,178.95,0,76.3 cm,112.5 cm,58.4 cm,54.0 cm
1790751009.3751235,355680,2020,170.61,0,16.7 cm,112.1 cm,58.4 cm,54.0 cm
1790751009.550991,355853,2021,175.87,0,16.7 cm,112.5 cm,58.8 cm,54.0 cm
1790751009.7222009,356026,2022,171.21,0,16.7 cm,112.5 cm,58.4 cm,54.0 cm
1790751009.895788,356199,2023,173.59,0,16.3 cm,112.5 cm,58.4 cm,54.0 cm
1790751010.0698142,356372,2024,174.03,0,16.3 cm,112.5 cm,58.4 cm,54.0 cm
1790751010.2398388,356545,2025,170.02,0,16.4 cm,112.1 cm,58.4 cm,53.5 cm
1790751010.4156075,356721,2026,175.77,0,76.7 cm,112.1 cm,58.4 cm,54.0 cm
1790751010.5900428,356894,2027,174.44,0,16.3 cm,112.1 cm,58.4 cm,54.0 cm
1790751010.7645862,357067,2028,174.54,0,16.3 cm,112.1 cm,58.4 cm,53.5 cm
1790751010.9370174,357240,2029,172.43,0,16.3 cm,112.1 cm,58.0 cm,54.0 cm
1790751011.1104796,357416,2030,173.46,0,76.7 cm,112.5 cm,58.4 cm,54.0 cm
1790751011.2882693,357592,2031,177.79,0,76.7 cm,112.1 cm,58.4 cm,54.0 cm
1790751011.4837987,357768,2032,195.53,0,76.7 cm,112.1 cm,58.8 cm,54.0 cm
1790751011.6472247,357944,2033,163.43,0,76.7 cm,112.1 cm,58.4 cm,54.0 cm
1790751011.8160088,358120,2034,168.78,0,76.7 cm,111.6 cm,58.8 cm,54.0 cm
1790751011.9955308,358296,2035,179.52,0,76.3 cm,112.5 cm,58.4 cm,54.0 cm
1790751012.1691995,358472,2036,173.67,0,76.7 cm,112.0 cm,58.4 cm,54.0 cm
1790751012.3501637,358656,2037,180.96,0,76.7 cm,241.7 cm,58.4 cm,54.0 cm
1790751012.5253012,358831,2038,175.14,0,76.7 cm,112.0 cm,58.4 cm,54.0 cm
1790751012.7019234,359004,2039,176.62,0,16.7 cm,112.1 cm,58.4 cm,54.0 cm
1790751012.8730538,359177,2040,171.13,0,16.7 cm,112.1 cm,58.8 cm,54.0 cm
1790751013.0502272,359353,2041,177.17,0,76.7 cm,112.1 cm,58.4 cm,54.0 cm
1790751013.223563,359529,2042,173.34,0,76.3 cm,112.5 cm,58.8 cm,54.0 cm
1790751013.399751,359705,2043,176.19,0,76.7 cm,112.1 cm,58.4 cm,53.5 cm
1790751013.5840542,359881,2044,184.3,0,76.7 cm,112.1 cm,58.4 cm,54.0 cm
1790751013.7516897,360057,2045,167.64,0,76.3 cm,111.6 cm,58.4 cm,54.0 cm
1790751013.942797,360233,2046,191.11,0,76.3 cm,112.1 cm,58.4 cm,54.0 cm
1790751014.105098,360409,2047,162.3,0,76.3 cm,112.1 cm,58.4 cm,53.5 cm
1790751014.2815135,360583,2048,176.42,0,76.7 cm,78.8 cm,58.4 cm,53.5 cm
1790751014.4534469,360759,2049,171.93,0,76.7 cm,112.9 cm,58.8 cm,54.0 cm
1790751014.629614,360934,2050,176.17,0,58.8 cm,112.1 cm,58.4 cm,54.0 cm
1790751014.8049078,361110,2051,175.29,0,75.9 cm,112.1 cm,58.4 cm,54.0 cm
1790751014.9772623,361283,2052,172.35,0,16.7 cm,112.5 cm,58.4 cm,54.0 cm
1790751015.1534162,361459,2053,176.15,0,76.3 cm,112.1 cm,58.4 cm,54.0 cm
1790751015.3285403,361632,2054,175.12,0,16.7 cm,112.1 cm,58.4 cm,53.5 cm
1790751015.5040987,361808,2055,175.56,0,76.7 cm,112.1 cm,58.4 cm,53.5 cm
1790751015.6840587,361984,2056,179.96,0,76.7 cm,112.1 cm,58.4 cm,54.0 cm
1790751015.854746,362157,2057,170.69,0,16.7 cm,111.6 cm,58.4 cm,54.0 cm
1790751016.0285795,362330,2058,173.83,0,16.7 cm,112.1 cm,58.4 cm,53.6 cm
1790751016.2009912,362503,2059,172.41,0,16.7 cm,112.0 cm,58.4 cm,53.6 cm
1790751016.372008,362676,2060,171.02,0,16.7 cm,112.0 cm,58.4 cm,53.6 cm
1790751016.5464287,362852,2061,174.42,0,77.1 cm,112.1 cm,58.4 cm,53.6 cm
1790751016.7223852,363028,2062,175.96,0,76.7 cm,112.1 cm,58.4 cm,54.4 cm
1790751016.895613,363201,2063,173.23,0,16.7 cm,112.1 cm,58.4 cm,53.6 cm
1790751017.0729403,363374,2064,177.33,0,16.7 cm,111.2 cm,58.8 cm,53.6 cm
1790751017.24267,363546,2065,169.73,0,16.7 cm,111.6 cm,58.4 cm,53.6 cm
1790751017.4243956,363719,2066,181.73,0,16.7 cm,112.1 cm,58.4 cm,53.9 cm
1790751017.5889723,363892,2067,164.58,0,16.7 cm,112.0 cm,58.4 cm,53.5 cm
1790751017.7997844,364068,2068,210.81,0,76.7 cm,111.6 cm,58.4 cm,53.6 cm
1790751017.9357982,364241,2069,136.01,0,16.7 cm,111.6 cm,58.4 cm,53.5 cm
1790751018.1138113,364414,2070,178.01,0,16.7 cm,111.6 cm,58.4 cm,54.0 cm
1790751018.2817395,364587,2071,167.93,0,16.7 cm,112.0 cm,58.4 cm,53.5 cm
1790751018.4539466,364760,2072,172.21,0,16.7 cm,111.6 cm,58.0 cm,54.0 cm
1790751018.6309638,364933,2073,177.02,0,16.7 cm,111.6 cm,58.4 cm,53.5 cm
1790751018.8021371,365106,2074,171.17,0,16.7 cm,112.1 cm,58.0 cm,54.0 cm
1790751018.9765177,365278,2075,174.38,0,16.7 cm,91.0 cm,58.0 cm,53.5 cm
1790751019.1422124,365448,2076,165.69,0,16.7 cm,77.9 cm,58.4 cm,53.5 cm
1790751019.3271494,365624,2077,184.94,0,76.7 cm,112.0 cm,58.4 cm,54.0 cm
1790751019.4931421,365799,2078,165.99,0,76.7 cm,87.3 cm,57.9 cm,53.5 cm
1790751019.6655538,365971,2079,172.41,0,16.7 cm,110.8 cm,58.8 cm,54.0 cm
1790751019.8397422,366144,2080,174.19,0,16.7 cm,112.5 cm,58.4 cm,54.0 cm
1790751020.0137856,366320,2081,174.04,0,76.7 cm,111.6 cm,58.8 cm,54.0 cm
1790751020.196897,366493,2082,183.11,0,16.7 cm,111.6 cm,58.4 cm,54.0 cm
1790751020.361923,366666,2083,165.03,0,16.7 cm,112.5 cm,58.4 cm,54.0 cm
1790751020.533931,366839,2084,172.01,0,16.7 cm,111.6 cm,58.8 cm,54.0 cm
1790751020.70945,367012,2085,175.52,0,16.7 cm,112.1 cm,58.4 cm,54.0 cm
1790751020.8810682,367185,2086,171.62,0,16.7 cm,112.0 cm,58.4 cm,54.0 cm
1790751021.0523026,367358,2087,171.23,0,16.7 cm,111.6 cm,58.4 cm,54.0 cm
1790751021.2263992,367531,2088,174.1,0,16.7 cm,111.6 cm,58.4 cm,53.5 cm
1790751021.3985224,367704,2089,172.12,0,16.7 cm,112.0 cm,58.4 cm,53.5 cm
1790751021.5733254,367877,2090,174.8,0,16.7 cm,111.6 cm,58.4 cm,54.0 cm
1790751021.743447,368049,2091,170.12,0,16.7 cm,111.7 cm,58.4 cm,54.0 cm
1790751021.9178824,368222,2092,174.44,0,16.7 cm,110.8 cm,58.4 cm,53.5 cm
1790751022.090395,368395,2093,172.51,0,16.7 cm,111.6 cm,58.4 cm,54.0 cm
1790751022.2809138,368571,2094,190.52,0,76.8 cm,111.6 cm,58.4 cm,53.5 cm
1790751022.4413834,368744,2095,160.47,0,16.7 cm,111.6 cm,58.4 cm,54.0 cm
1790751022.613365,368917,2096,171.98,0,16.7 cm,112.1 cm,58.4 cm,54.0 cm
1790751022.7847786,369090,2097,171.41,0,16.7 cm,112.1 cm,58.4 cm,53.5 cm
1790751022.9550743,369261,2098,170.3,0,16.7 cm,77.5 cm,58.8 cm,53.5 cm
1790751023.1309378,369434,2099,175.86,0,16.7 cm,112.0 cm,58.8 cm,53.5 cm
1790751023.3014405,369607,2100,170.5,0,16.7 cm,111.6 cm,58.4 cm,54.0 cm
1790751023.480879,369780,2101,179.44,0,16.7 cm,112.1 cm,58.8 cm,54.0 cm
1790751023.650549,369953,2102,169.67,0,16.7 cm,111.6 cm,58.4 cm,53.5 cm
1790751023.8231256,370126,2103,172.58,0,16.7 cm,111.2 cm,58.4 cm,53.5 cm
1790751023.9951117,370299,2104,171.99,0,16.7 cm,112.0 cm,58.4 cm,54.0 cm
1790751024.171513,370472,2105,176.4,0,16.7 cm,112.1 cm,59.3 cm,53.5 cm
1790751024.3415942,370645,2106,170.08,0,16.7 cm,112.1 cm,58.8 cm,54.0 cm
1790751024.5167825,370818,2107,175.19,0,16.7 cm,112.1 cm,58.4 cm,53.5 cm
1790751024.691086,370991,2108,174.3,0,16.7 cm,111.2 cm,58.4 cm,53.5 cm
1790751024.8586226,371164,2109,167.54,0,16.7 cm,112.5 cm,58.4 cm,53.5 cm
1790751025.0317469,371337,2110,173.12,0,16.7 cm,112.1 cm,58.4 cm,54.0 cm
1790751025.2077096,371510,2111,175.96,0,16.7 cm,112.0 cm,58.8 cm,53.5 cm
1790751025.3907342,371683,2112,183.02,0,16.7 cm,112.0 cm,58.8 cm,54.0 cm
1790751025.5503235,371856,2113,159.59,0,16.7 cm,112.0 cm,58.4 cm,53.5 cm
1790751025.7232883,372029,2114,172.96,0,16.7 cm,112.5 cm,58.4 cm,53.5 cm
1790751025.8980012,372202,2115,174.71,0,16.7 cm,111.6 cm,58.4 cm,53.5 cm
1790751026.0744293,372375,2116,176.43,0,16.7 cm,111.6 cm,58.8 cm,53.1 cm
1790751026.243021,372548,2117,168.59,0,16.7 cm,111.6 cm,58.4 cm,53.5 cm
1790751026.415123,372721,2118,172.1,0,16.7 cm,111.6 cm,58.4 cm,54.0 cm
1790751026.589934,372894,2119,174.81,0,16.7 cm,111.6 cm,58.8 cm,54.0 cm
1790751026.7748284,373067,2120,184.89,0,16.7 cm,112.5 cm,58.4 cm,54.0 cm
1790751026.933631,373240,2121,158.8,0,16.7 cm,112.0 cm,58.4 cm,53.5 cm
1790751027.1079009,373413,2122,174.27,0,16.7 cm,112.5 cm,58.8 cm,53.5 cm
1790751027.283022,373586,2123,175.12,0,16.4 cm,112.1 cm,58.8 cm,54.0 cm
1790751027.457824,373759,2124,174.8,0,16.7 cm,111.6 cm,58.8 cm,53.5 cm
1790751027.628507,373932,2125,170.68,0,16.7 cm,111.6 cm,59.3 cm,54.0 cm
1790751027.8039408,374105,2126,175.43,0,16.7 cm,112.0 cm,58.8 cm,53.5 cm
1790751027.975341,374278,2127,171.4,0,16.7 cm,112.1 cm,58.8 cm,53.5 cm
1790751028.1598976,374451,2128,184.56,0,16.7 cm,111.6 cm,59.3 cm,54.0 cm
1790751028.3214679,374624,2129,161.57,0,16.7 cm,112.1 cm,58.8 cm,53.5 cm
1790751028.493182,374797,2130,171.71,0,16.7 cm,112.0 cm,58.4 cm,53.5 cm
1790751028.6647232,374970,2131,171.54,0,16.7 cm,111.6 cm,58.8 cm,53.5 cm
1790751028.8374302,375143,2132,172.71,0,16.7 cm,112.5 cm,59.1 cm,54.0 cm
1790751029.0138478,375316,2133,176.42,0,16.7 cm,112.5 cm,58.4 cm,54.0 cm
1790751029.1837864,375489,2134,169.94,0,16.3 cm,110.8 cm,58.8 cm,54.0 cm
1790751029.356294,375662,2135,172.51,0,16.4 cm,111.6 cm,59.3 cm,54.0 cm
1790751029.5324206,375835,2136,176.13,0,16.4 cm,112.1 cm,58.8 cm,53.5 cm
1790751029.7070425,376008,2137,174.62,0,16.4 cm,111.2 cm,58.4 cm,53.5 cm
1790751029.8758729,376181,2138,168.83,0,16.4 cm,112.1 cm,58.4 cm,53.5 cm
1790751030.0478358,376354,2139,171.96,0,16.4 cm,112.0 cm,58.8 cm,54.0 cm
1790751030.222912,376527,2140,175.08,0,16.4 cm,112.0 cm,58.4 cm,53.5 cm
1790751030.3951945,376700,2141,172.28,0,16.7 cm,112.1 cm,58.8 cm,54.0 cm
1790751030.5741687,376873,2142,178.97,0,16.7 cm,112.0 cm,58.8 cm,53.5 cm
1790751030.7404356,377046,2143,166.27,0,16.7 cm,111.6 cm,58.8 cm,53.5 cm
1790751030.9153888,377219,2144,174.95,0,16.3 cm,112.1 cm,58.4 cm,54.0 cm
1790751031.0902026,377392,2145,174.81,0,16.4 cm,112.1 cm,58.8 cm,54.0 cm
1790751031.2728148,377565,2146,182.61,0,16.3 cm,112.0 cm,58.4 cm,53.5 cm
1790751031.4321764,377738,2147,159.36,0,16.3 cm,111.6 cm,58.4 cm,53.5 cm
1790751031.6052952,377911,2148,173.12,0,16.3 cm,112.1 cm,58.8 cm,53.5 cm
1790751031.7809741,378084,2149,175.68,0,16.4 cm,112.1 cm,58.8 cm,53.5 cm
1790751031.9533951,378257,2150,172.42,0,16.4 cm,112.5 cm,58.4 cm,54.0 cm
1790751032.1245387,378430,2151,171.14,0,16.4 cm,112.0 cm,58.0 cm,54.0 cm
1790751032.2981498,378603,2152,173.61,0,16.7 cm,111.2 cm,58.0 cm,53.5 cm
1790751032.4751558,378776,2153,177.01,0,18.0 cm,112.1 cm,58.4 cm,53.5 cm
1790751032.6459575,378949,2154,170.8,0,16.4 cm,112.0 cm,58.4 cm,54.0 cm
1790751032.8154478,379121,2155,169.49,0,16.3 cm,92.7 cm,58.8 cm,54.0 cm
1790751032.9885025,379294,2156,173.05,0,16.7 cm,112.5 cm,58.8 cm,53.5 cm
1790751033.1638656,379467,2157,175.36,0,16.3 cm,112.0 cm,58.8 cm,54.0 cm
1790751033.3385699,379640,2158,174.7,0,16.4 cm,112.1 cm,58.4 cm,53.5 cm
1790751033.5114498,379813,2159,172.88,0,16.4 cm,111.6 cm,58.8 cm,53.5 cm
1790751033.6806865,379986,2160,169.24,0,16.3 cm,111.6 cm,58.4 cm,53.5 cm
1790751033.8533928,380159,2161,172.71,0,16.4 cm,111.6 cm,58.4 cm,54.0 cm
1790751034.0273838,380332,2162,173.99,0,16.4 cm,112.0 cm,58.4 cm,54.0 cm
1790751034.1999412,380505,2163,172.56,0,16.3 cm,111.6 cm,58.8 cm,53.5 cm
1790751034.3761587,380681,2164,176.22,0,76.8 cm,112.0 cm,58.8 cm,54.0 cm
1790751034.551069,380857,2165,174.91,0,77.2 cm,111.6 cm,58.8 cm,54.0 cm
1790751034.7262912,381030,2166,175.22,0,16.7 cm,111.6 cm,58.4 cm,53.5 cm
1790751034.898672,381203,2167,172.38,0,16.3 cm,112.1 cm,58.8 cm,53.5 cm
1790751035.0719204,381376,2168,173.25,0,16.3 cm,112.5 cm,58.4 cm,53.5 cm
1790751035.24291,381549,2169,170.99,0,16.7 cm,112.1 cm,58.8 cm,53.5 cm
1790751035.4195683,381722,2170,176.66,0,16.7 cm,111.6 cm,58.4 cm,54.0 cm
1790751035.590597,381895,2171,171.03,0,16.4 cm,112.0 cm,58.8 cm,53.5 cm
1790751035.7771287,382071,2172,186.53,0,76.7 cm,111.6 cm,58.4 cm,53.5 cm
1790751035.9585242,382244,2173,181.4,0,16.4 cm,112.0 cm,58.8 cm,53.5 cm
1790751036.1126492,382417,2174,154.12,0,16.3 cm,111.7 cm,58.8 cm,53.5 cm
1790751036.2845597,382590,2175,171.91,0,16.3 cm,112.1 cm,59.3 cm,54.0 cm
1790751036.4576318,382763,2176,173.07,0,16.3 cm,111.6 cm,58.4 cm,54.0 cm
1790751036.6344333,382936,2177,176.8,0,16.4 cm,112.1 cm,58.8 cm,54.0 cm
1790751036.8119981,383109,2178,177.56,0,16.4 cm,112.1 cm,58.4 cm,53.5 cm
1790751036.9853175,383282,2179,173.32,0,16.4 cm,112.1 cm,58.4 cm,54.0 cm
1790751037.1544511,383455,2180,169.13,0,16.3 cm,112.1 cm,58.4 cm,53.5 cm
1790751037.3278086,383631,2181,173.36,0,76.7 cm,111.6 cm,58.8 cm,54.0 cm
1790751037.5082738,383807,2182,180.47,0,76.7 cm,111.6 cm,58.4 cm,53.5 cm
1790751037.6772475,383983,2183,168.97,0,76.7 cm,111.6 cm,58.8 cm,54.0 cm
1790751037.8771148,384164,2184,199.87,0,16.3 cm,242.9 cm,58.8 cm,53.5 cm
1790751038.0328307,384339,2185,155.72,0,76.7 cm,112.5 cm,58.4 cm,53.5 cm
1790751038.2204063,384515,2186,187.58,0,76.7 cm,112.0 cm,58.4 cm,53.5 cm
1790751038.3894343,384691,2187,169.03,0,76.7 cm,111.6 cm,58.4 cm,53.5 cm
1790751038.5614898,384867,2188,172.06,0,76.7 cm,112.0 cm,58.4 cm,53.5 cm
1790751038.737776,385043,2189,176.29,0,76.3 cm,111.6 cm,58.4 cm,54.0 cm
1790751038.9139278,385218,2190,176.15,0,56.4 cm,112.0 cm,58.8 cm,53.5 cm
1790751039.086819,385393,2191,172.89,0,56.4 cm,112.0 cm,59.3 cm,53.5 cm
1790751039.2719886,385569,2192,185.17,0,76.3 cm,111.6 cm,58.8 cm,53.5 cm
1790751039.4402785,385745,2193,168.29,0,76.7 cm,112.0 cm,58.4 cm,54.0 cm
1790751039.6190572,385921,2194,178.78,0,77.2 cm,113.3 cm,59.3 cm,53.5 cm
1790751039.7923622,386097,2195,173.31,0,77.2 cm,112.9 cm,58.8 cm,53.5 cm
1790751039.9794402,386273,2196,187.08,0,76.7 cm,112.1 cm,58.8 cm,53.5 cm
1790751040.1436927,386449,2197,164.25,0,76.7 cm,111.6 cm,58.8 cm,53.5 cm
1790751040.3173146,386622,2198,173.62,0,16.3 cm,111.6 cm,58.8 cm,53.5 cm
1790751040.48948,386795,2199,172.17,0,16.7 cm,112.5 cm,58.8 cm,53.5 cm
1790751040.667868,386968,2200,178.39,0,16.7 cm,111.6 cm,59.3 cm,53.5 cm
1790751040.8383813,387141,2201,170.51,0,16.7 cm,111.2 cm,58.8 cm,53.5 cm
1790751041.0125487,387314,2202,174.17,0,16.4 cm,112.0 cm,58.8 cm,53.5 cm
1790751041.1813352,387487,2203,168.79,0,16.4 cm,111.6 cm,58.8 cm,53.5 cm
1790751041.3558156,387660,2204,174.48,0,16.7 cm,111.6 cm,58.4 cm,53.5 cm
1790751041.5301752,387836,2205,174.36,0,76.7 cm,112.1 cm,58.8 cm,54.0 cm
1790751041.7097702,388012,2206,179.59,0,76.3 cm,112.0 cm,58.8 cm,53.5 cm
1790751041.884568,388188,2207,174.8,0,76.7 cm,111.6 cm,58.8 cm,53.5 cm
1790751042.0584219,388364,2208,173.85,0,76.7 cm,112.1 cm,58.4 cm,54.0 cm
1790751042.2362094,388540,2209,177.79,0,76.3 cm,111.6 cm,58.8 cm,53.5 cm
1790751042.411958,388716,2210,175.75,0,76.7 cm,111.6 cm,58.4 cm,53.5 cm
1790751042.5847423,388889,2211,172.78,0,16.4 cm,112.5 cm,58.4 cm,53.5 cm
1790751042.75955,389065,2212,174.81,0,76.3 cm,112.0 cm,58.8 cm,54.0 cm
1790751042.9358554,389241,2213,176.31,0,76.7 cm,112.5 cm,58.8 cm,53.5 cm
1790751043.114365,389417,2214,178.51,0,76.7 cm,111.6 cm,58.8 cm,54.0 cm
1790751043.2876103,389593,2215,173.25,0,76.8 cm,111.6 cm,58.8 cm,53.5 cm
1790751043.4621048,389769,2216,174.49,0,76.3 cm,101.4 cm,58.8 cm,53.5 cm
1790751043.6397007,389944,2217,177.6,0,76.7 cm,111.6 cm,58.8 cm,53.5 cm
1790751043.817613,390120,2218,177.91,0,76.7 cm,112.1 cm,58.4 cm,53.5 cm
1790751043.9929066,390295,2219,175.29,0,76.7 cm,111.6 cm,58.4 cm,53.5 cm
1790751044.1750429,390471,2220,182.14,0,76.7 cm,111.6 cm,58.8 cm,53.5 cm
1790751044.3551507,390647,2221,180.11,0,76.7 cm,111.6 cm,58.8 cm,54.0 cm
1790751044.5246143,390823,2222,169.46,0,76.7 cm,111.6 cm,58.4 cm,54.0 cm
1790751044.6941733,390999,2223,169.56,0,76.3 cm,111.6 cm,58.8 cm,54.0 cm
1790751044.870092,391175,2224,175.92,0,76.7 cm,112.5 cm,58.8 cm,53.5 cm
1790751045.0468423,391351,2225,176.75,0,76.3 cm,112.1 cm,58.8 cm,53.5 cm
1790751045.2214513,391527,2226,174.61,0,76.7 cm,112.1 cm,58.8 cm,54.0 cm
1790751045.395147,391701,2227,173.7,0,76.7 cm,77.1 cm,58.4 cm,53.5 cm
1790751045.5720851,391876,2228,176.94,0,77.2 cm,87.7 cm,58.4 cm,53.5 cm
1790751045.745537,392051,2229,173.45,0,76.7 cm,112.5 cm,58.8 cm,53.5 cm
1790751045.9320965,392227,2230,186.56,0,76.7 cm,112.0 cm,58.4 cm,53.5 cm
1790751046.097042,392403,2231,164.95,0,76.8 cm,112.1 cm,58.4 cm,54.0 cm
1790751046.2774446,392579,2232,180.4,0,76.3 cm,112.9 cm,58.8 cm,53.5 cm
1790751046.4513981,392755,2233,173.95,0,76.7 cm,112.1 cm,58.8 cm,54.0 cm
1790751046.6296172,392931,2234,178.22,0,76.7 cm,112.1 cm,59.3 cm,53.5 cm
1790751046.808774,393107,2235,179.16,0,76.7 cm,112.1 cm,58.8 cm,53.5 cm
1790751046.9777653,393283,2236,168.99,0,76.7 cm,112.5 cm,58.8 cm,53.5 cm
1790751047.1534686,393459,2237,175.7,0,76.7 cm,112.1 cm,58.8 cm,54.0 cm
1790751047.3293693,393635,2238,175.9,0,77.2 cm,112.1 cm,58.8 cm,54.0 cm
1790751047.5050275,393811,2239,175.66,0,77.2 cm,112.1 cm,58.8 cm,53.5 cm
1790751047.6817055,393987,2240,176.68,0,76.7 cm,112.1 cm,58.8 cm,53.5 cm
1790751047.8711424,394163,2241,189.44,0,76.7 cm,112.0 cm,58.8 cm,53.5 cm
1790751048.038669,394339,2242,167.53,0,76.7 cm,112.1 cm,59.5 cm,53.5 cm
1790751048.2121553,394515,2243,173.49,0,76.7 cm,111.6 cm,58.8 cm,53.5 cm
1790751048.3948708,394699,2244,182.72,0,76.7 cm,242.6 cm,59.7 cm,54.0 cm
1790751048.5684729,394874,2245,173.6,0,76.7 cm,111.6 cm,59.3 cm,53.5 cm
1790751048.7480576,395050,2246,179.58,0,76.7 cm,111.6 cm,58.4 cm,53.5 cm
1790751048.921001,395226,2247,172.94,0,76.7 cm,112.1 cm,58.8 cm,53.5 cm
1790751049.0964103,395402,2248,175.41,0,76.7 cm,112.0 cm,58.8 cm,54.0 cm
1790751049.2724335,395578,2249,176.02,0,76.7 cm,111.6 cm,58.4 cm,53.5 cm
1790751049.4506094,395754,2250,178.18,0,76.7 cm,112.5 cm,58.8 cm,54.0 cm
1790751049.623737,395930,2251,173.13,0,76.7 cm,112.1 cm,58.4 cm,53.5 cm
1790751049.8111176,396106,2252,187.38,0,76.7 cm,112.1 cm,58.4 cm,54.0 cm
1790751049.976191,396282,2253,165.07,0,76.7 cm,112.1 cm,58.8 cm,53.5 cm
1790751050.1523247,396458,2254,176.13,0,76.3 cm,112.9 cm,58.8 cm,54.0 cm
1790751050.3367522,396642,2255,184.43,0,76.3 cm,242.9 cm,58.4 cm,54.0 cm
1790751050.510953,396817,2256,174.2,0,76.7 cm,112.1 cm,58.4 cm,53.5 cm
1790751050.6877568,396993,2257,176.8,0,76.3 cm,111.6 cm,58.4 cm,53.5 cm
1790751050.8669176,397169,2258,179.16,0,76.7 cm,112.5 cm,59.3 cm,53.5 cm
1790751051.0631237,397345,2259,196.21,0,76.7 cm,112.9 cm,58.8 cm,53.5 cm
1790751051.2156136,397521,2260,152.49,0,77.2 cm,112.5 cm,58.8 cm,54.0 cm
1790751051.3942769,397697,2261,178.66,0,76.7 cm,112.0 cm,58.8 cm,54.0 cm
1790751051.5678592,397873,2262,173.58,0,76.3 cm,112.5 cm,59.3 cm,54.0 cm
1790751051.7433333,398049,2263,175.47,0,76.3 cm,112.1 cm,58.8 cm,53.5 cm
1790751051.9195602,398225,2264,176.23,0,76.3 cm,112.1 cm,59.3 cm,53.5 cm
1790751052.0972059,398401,2265,177.65,0,75.9 cm,112.5 cm,58.8 cm,53.5 cm
1790751052.2711473,398577,2266,173.94,0,76.7 cm,112.0 cm,58.8 cm,53.5 cm
1790751052.4505417,398753,2267,179.39,0,76.7 cm,112.0 cm,58.4 cm,53.5 cm
1790751052.6295636,398929,2268,179.02,0,76.7 cm,112.0 cm,58.8 cm,53.5 cm
1790751052.8034222,399105,2269,173.86,0,76.7 cm,112.5 cm,58.4 cm,53.5 cm
1790751052.9747539,399281,2270,171.33,0,76.3 cm,112.0 cm,58.4 cm,54.0 cm
1790751053.1501565,399456,2271,175.4,0,76.7 cm,88.9 cm,58.8 cm,53.5 cm
1790751053.3257117,399631,2272,175.56,0,76.3 cm,112.5 cm,58.4 cm,53.5 cm
1790751053.5019336,399807,2273,176.22,0,76.7 cm,112.9 cm,58.8 cm,53.5 cm
1790751053.6777894,399983,2274,175.86,0,76.3 cm,112.5 cm,58.8 cm,54.0 cm
1790751053.8711126,400159,2275,193.32,0,76.3 cm,112.0 cm,58.8 cm,53.5 cm
1790751054.0333998,400335,2276,162.29,0,76.3 cm,112.5 cm,58.8 cm,53.5 cm
1790751054.2053416,400511,2277,171.94,0,76.7 cm,112.5 cm,58.8 cm,53.5 cm
1790751054.3784013,400684,2278,173.06,0,16.3 cm,112.0 cm,59.1 cm,53.5 cm
1790751054.5551677,400860,2279,176.77,0,76.7 cm,111.6 cm,58.4 cm,53.5 cm
1790751054.730666,401033,2280,175.5,0,16.4 cm,111.6 cm,58.8 cm,53.5 cm
1790751054.904791,401206,2281,174.13,0,16.4 cm,112.0 cm,58.8 cm,54.0 cm
1790751055.078518,401382,2282,173.73,0,76.7 cm,111.6 cm,58.8 cm,54.0 cm
1790751055.2533948,401558,2283,174.88,0,77.2 cm,112.1 cm,58.8 cm,54.0 cm
1790751055.4274676,401731,2284,174.07,0,17.6 cm,111.1 cm,58.8 cm,53.5 cm
1790751055.5983799,401904,2285,170.91,0,16.3 cm,112.5 cm,59.3 cm,54.0 cm
1790751055.7717016,402077,2286,173.32,0,16.3 cm,112.9 cm,59.3 cm,54.0 cm
1790751055.9445949,402250,2287,172.89,0,16.4 cm,113.3 cm,59.1 cm,53.5 cm
1790751056.1170473,402423,2288,172.45,0,16.4 cm,112.0 cm,58.8 cm,53.5 cm
1790751056.2973135,402599,2289,180.27,0,76.3 cm,112.1 cm,58.8 cm,54.0 cm
1790751056.4699562,402772,2290,172.64,0,16.3 cm,112.5 cm,58.4 cm,53.5 cm
1790751056.642816,402945,2291,172.86,0,16.4 cm,112.1 cm,58.8 cm,54.0 cm
1790751056.8162014,403121,2292,173.39,0,76.7 cm,112.0 cm,58.8 cm,53.5 cm
1790751056.991629,403297,2293,175.43,0,76.7 cm,112.1 cm,58.8 cm,53.5 cm
1790751057.1712384,403473,2294,179.61,0,76.7 cm,112.1 cm,58.8 cm,53.5 cm
1790751057.3429341,403649,2295,171.7,0,76.7 cm,112.0 cm,58.8 cm,53.5 cm
1790751057.5209174,403825,2296,177.98,0,76.7 cm,112.1 cm,58.8 cm,53.5 cm
1790751057.698638,404001,2297,177.72,0,76.7 cm,111.6 cm,59.3 cm,53.6 cm
1790751057.8744712,404177,2298,175.83,0,76.7 cm,111.6 cm,58.8 cm,53.9 cm
1790751058.068025,404353,2299,193.55,0,76.7 cm,112.9 cm,58.8 cm,53.5 cm
1790751058.2229605,404529,2300,154.94,0,76.3 cm,111.6 cm,58.8 cm,53.6 cm
1790751058.3990464,404705,2301,176.09,0,76.3 cm,112.1 cm,58.4 cm,53.5 cm
1790751058.5750377,404881,2302,175.99,0,76.7 cm,112.1 cm,58.8 cm,53.5 cm
1790751058.7526605,405054,2303,177.62,0,16.3 cm,111.6 cm,58.8 cm,53.5 cm
1790751058.9234176,405230,2304,170.76,0,76.3 cm,111.6 cm,58.7 cm,53.5 cm
1790751059.103464,405406,2305,180.05,0,76.7 cm,110.7 cm,58.8 cm,54.0 cm
1790751059.2761195,405579,2306,172.66,0,16.4 cm,112.5 cm,59.3 cm,54.0 cm
1790751059.4463031,405752,2307,170.18,0,16.4 cm,112.1 cm,58.8 cm,53.5 cm
1790751059.6236763,405928,2308,177.37,0,76.7 cm,111.6 cm,59.3 cm,53.5 cm
1790751059.798225,406104,2309,174.55,0,76.7 cm,112.5 cm,59.3 cm,53.5 cm
1790751059.9891734,406280,2310,190.95,0,76.7 cm,112.5 cm,58.8 cm,53.5 cm
1790751060.168091,406456,2311,178.92,0,76.7 cm,112.1 cm,59.3 cm,53.5 cm
1790751060.5023272,406808,2313,334.24,1,76.7 cm,112.0 cm,58.4 cm,53.5 cm
1790751060.6782823,406984,2314,175.96,1,76.7 cm,112.0 cm,58.4 cm,53.5 cm
1790751060.854539,407160,2315,176.26,1,76.7 cm,112.1 cm,58.8 cm,53.5 cm
1790751061.0335145,407336,2316,178.98,1,77.2 cm,112.9 cm,58.4 cm,53.5 cm
1790751061.2098157,407512,2317,176.3,1,76.3 cm,111.6 cm,58.8 cm,53.5 cm
1790751061.3904715,407688,2318,180.66,1,76.3 cm,112.1 cm,58.8 cm,53.5 cm
1790751061.5587342,407864,2319,168.26,1,76.7 cm,112.0 cm,58.8 cm,54.0 cm
1790751061.7309241,408037,2320,172.19,1,17.6 cm,112.5 cm,58.8 cm,54.0 cm
1790751061.9069228,408213,2321,176.0,1,76.3 cm,113.3 cm,58.8 cm,53.5 cm
1790751062.089855,408389,2322,182.93,1,76.7 cm,112.0 cm,58.8 cm,53.5 cm
1790751062.275819,408565,2323,185.96,1,77.1 cm,111.6 cm,58.4 cm,53.5 cm
1790751062.4494166,408741,2324,173.6,1,77.6 cm,112.1 cm,58.8 cm,53.5 cm
1790751062.6152303,408917,2325,165.81,1,76.7 cm,112.5 cm,58.8 cm,54.0 cm
1790751062.7938917,409093,2326,178.66,1,76.3 cm,111.6 cm,59.3 cm,53.5 cm
1790751062.965592,409269,2327,171.7,1,76.3 cm,112.1 cm,59.1 cm,53.5 cm
1790751063.1393828,409445,2328,173.79,1,76.7 cm,111.6 cm,58.8 cm,53.5 cm
1790751063.3170912,409621,2329,177.71,1,76.7 cm,112.1 cm,59.3 cm,53.5 cm
1790751063.4920535,409797,2330,174.96,1,77.2 cm,111.6 cm,59.3 cm,53.5 cm
1790751063.673298,409973,2331,181.24,1,76.3 cm,111.6 cm,58.8 cm,53.5 cm
1790751063.8494716,410149,2332,176.17,1,76.7 cm,112.5 cm,59.3 cm,53.5 cm
1790751064.0192478,410325,2333,169.78,1,76.7 cm,111.6 cm,58.8 cm,53.5 cm
1790751064.1972022,410501,2334,177.95,1,76.8 cm,111.6 cm,59.7 cm,54.0 cm
1790751064.37269,410677,2335,175.49,1,77.2 cm,100.9 cm,59.1 cm,53.5 cm
1790751064.5461588,410852,2336,173.47,1,76.7 cm,110.8 cm,59.3 cm,53.5 cm
1790751064.7241666,411028,2337,178.01,1,76.7 cm,111.6 cm,58.8 cm,53.5 cm
1790751064.8984501,411204,2338,174.28,1,76.7 cm,111.6 cm,59.3 cm,53.5 cm
1790751065.0754187,411380,2339,176.97,1,76.7 cm,112.5 cm,58.8 cm,53.5 cm
1790751065.270817,411556,2340,195.4,1,76.7 cm,111.6 cm,59.3 cm,53.5 cm
1790751065.4262688,411732,2341,155.45,1,77.2 cm,111.6 cm,58.8 cm,53.5 cm
1790751065.6024003,411908,2342,176.13,1,76.7 cm,112.1 cm,58.8 cm,53.5 cm
1790751065.7783995,412084,2343,176.0,1,76.7 cm,112.1 cm,59.3 cm,53.5 cm
1790751065.961014,412260,2344,182.61,1,76.3 cm,112.0 cm,58.8 cm,54.0 cm
1790751066.135072,412436,2345,174.06,1,76.3 cm,112.1 cm,58.8 cm,53.5 cm
1790751066.310383,412612,2346,175.31,1,76.7 cm,111.6 cm,58.7 cm,53.5 cm
1790751066.4843278,412788,2347,173.94,1,77.6 cm,111.6 cm,58.4 cm,53.5 cm
1790751066.6574311,412964,2348,173.1,1,77.6 cm,112.1 cm,58.8 cm,53.5 cm
1790751066.8342972,413140,2349,176.87,1,76.7 cm,112.9 cm,59.3 cm,53.5 cm
1790751067.0121527,413316,2350,177.86,1,76.3 cm,111.6 cm,58.8 cm,53.5 cm
1790751067.1880345,413492,2351,175.88,1,76.7 cm,112.1 cm,59.1 cm,53.5 cm
1790751067.3622603,413668,2352,174.23,1,76.7 cm,111.6 cm,58.8 cm,53.5 cm
1790751067.5392091,413844,2353,176.95,1,76.3 cm,112.0 cm,58.8 cm,54.0 cm
1790751067.7334883,414020,2354,194.28,1,76.7 cm,111.6 cm,58.8 cm,53.5 cm
1790751067.8938577,414196,2355,160.37,1,76.3 cm,112.1 cm,59.7 cm,53.5 cm
1790751068.06739,414372,2356,173.53,1,76.7 cm,111.6 cm,58.8 cm,53.5 cm
1790751068.242392,414548,2357,175.0,1,76.7 cm,112.5 cm,58.8 cm,53.5 cm
1790751068.419317,414724,2358,176.92,1,76.3 cm,111.6 cm,58.8 cm,53.5 cm
1790751068.6009429,414900,2359,181.63,1,76.3 cm,112.1 cm,58.8 cm,53.5 cm
1790751068.7725484,415076,2360,171.61,1,76.3 cm,112.0 cm,58.8 cm,53.5 cm
1790751068.9455438,415252,2361,173.0,1,76.7 cm,112.1 cm,58.8 cm,53.5 cm
1790751069.140875,415436,2362,195.33,1,77.2 cm,242.5 cm,59.3 cm,53.5 cm
1790751069.3114967,415611,2363,170.62,1,76.7 cm,110.8 cm,58.4 cm,53.5 cm
1790751069.5025356,415786,2364,191.04,1,76.7 cm,89.7 cm,58.8 cm,53.5 cm
1790751069.6547868,415961,2365,152.25,1,76.7 cm,111.6 cm,58.8 cm,53.5 cm
1790751069.8383462,416137,2366,183.56,1,76.7 cm,112.0 cm,58.4 cm,53.5 cm
1790751070.0072966,416313,2367,168.95,1,76.7 cm,112.5 cm,58.4 cm,53.5 cm
1790751070.184293,416489,2368,177.0,1,76.7 cm,111.6 cm,58.4 cm,53.5 cm
1790751070.3595352,416665,2369,175.24,1,76.3 cm,112.1 cm,58.4 cm,53.5 cm
1790751070.5466218,416841,2370,187.09,1,76.7 cm,112.0 cm,58.8 cm,53.5 cm
1790751070.7140598,417017,2371,167.44,1,76.7 cm,112.1 cm,58.4 cm,53.5 cm
1790751070.8878489,417193,2372,173.79,1,76.3 cm,112.1 cm,58.8 cm,53.5 cm
1790751071.0631375,417369,2373,175.29,1,76.7 cm,112.0 cm,58.8 cm,53.5 cm
1790751071.2386692,417545,2374,175.53,1,76.7 cm,112.1 cm,58.8 cm,53.5 cm
1790751071.4185317,417721,2375,179.86,1,75.9 cm,111.6 cm,58.8 cm,53.5 cm
1790751071.6151044,417897,2376,196.57,1,76.7 cm,112.1 cm,59.3 cm,53.5 cm
1790751071.7721665,418073,2377,157.06,1,76.7 cm,111.6 cm,58.8 cm,53.5 cm
1790751071.946059,418249,2378,173.89,1,76.7 cm,112.1 cm,58.8 cm,53.5 cm
1790751072.1253884,418425,2379,179.33,1,76.8 cm,112.0 cm,58.8 cm,53.5 cm
1790751072.2968462,418601,2380,171.46,1,76.7 cm,112.5 cm,58.8 cm,53.5 cm
1790751072.4744954,418777,2381,177.65,1,76.7 cm,111.6 cm,59.1 cm,53.5 cm
1790751072.6460817,418953,2382,171.59,1,76.3 cm,112.0 cm,58.4 cm,53.5 cm
1790751072.8235013,419129,2383,177.42,1,76.7 cm,111.6 cm,59.5 cm,53.5 cm
1790751072.9985948,419305,2384,175.09,1,76.7 cm,112.1 cm,58.8 cm,53.5 cm
1790751073.176478,419481,2385,177.88,1,76.3 cm,112.1 cm,59.3 cm,53.5 cm
1790751073.3545597,419657,2386,178.08,1,76.3 cm,112.1 cm,59.3 cm,53.5 cm
1790751073.5276783,419833,2387,173.12,1,76.7 cm,112.1 cm,58.8 cm,53.5 cm
1790751073.7116678,420009,2388,183.99,1,76.7 cm,111.6 cm,58.8 cm,54.0 cm
1790751073.8789883,420185,2389,167.32,1,76.3 cm,112.1 cm,58.8 cm,53.5 cm
1790751074.0552886,420361,2390,176.3,1,76.7 cm,112.5 cm,58.4 cm,53.5 cm
1790751074.2343707,420536,2391,179.08,1,76.7 cm,89.7 cm,58.8 cm,53.5 cm
1790751074.4059727,420711,2392,171.6,1,76.3 cm,112.5 cm,58.8 cm,53.5 cm
1790751074.604165,420887,2393,198.19,1,76.7 cm,111.6 cm,59.3 cm,53.5 cm
1790751074.7567375,421063,2394,152.57,1,76.7 cm,111.6 cm,58.8 cm,54.0 cm
1790751074.9330926,421238,2395,176.36,1,76.7 cm,112.1 cm,58.8 cm,54.0 cm
1790751075.1192117,421414,2396,186.12,1,76.7 cm,111.6 cm,58.8 cm,53.5 cm
1790751075.2850451,421590,2397,165.83,1,77.2 cm,112.5 cm,58.8 cm,54.0 cm
1790751075.460015,421766,2398,174.97,1,76.7 cm,112.0 cm,58.4 cm,53.5 cm
1790751075.6359055,421942,2399,175.89,1,76.3 cm,112.0 cm,58.4 cm,53.5 cm
1790751075.8161535,422118,2400,180.25,1,76.7 cm,111.6 cm,58.8 cm,54.0 cm
1790751075.9875638,422294,2401,171.41,1,76.7 cm,112.5 cm,58.8 cm,54.0 cm
1790751076.1664698,422470,2402,178.91,1,76.7 cm,111.6 cm,58.8 cm,53.5 cm
1790751076.3404016,422646,2403,173.93,1,77.2 cm,103.1 cm,58.8 cm,53.5 cm
1790751076.5164714,422821,2404,176.07,1,76.3 cm,111.6 cm,58.8 cm,53.5 cm
1790751076.7012708,422997,2405,184.8,1,76.7 cm,111.2 cm,59.7 cm,54.0 cm
1790751076.8708475,423173,2406,169.58,1,76.3 cm,111.6 cm,59.3 cm,54.0 cm
1790751077.0494437,423349,2407,178.6,1,76.7 cm,111.2 cm,58.8 cm,54.0 cm
1790751077.2221274,423525,2408,172.68,1,76.7 cm,111.6 cm,58.4 cm,53.5 cm
1790751077.3984327,423701,2409,176.31,1,76.3 cm,111.6 cm,58.4 cm,53.5 cm
1790751077.571031,423877,2410,172.6,1,76.7 cm,111.6 cm,58.4 cm,54.0 cm
1790751077.7485456,424053,2411,177.51,1,76.7 cm,112.1 cm,58.8 cm,54.0 cm
1790751077.947858,424229,2412,199.31,1,76.7 cm,112.0 cm,58.8 cm,53.5 cm
1790751078.1051137,424405,2413,157.26,1,76.7 cm,111.6 cm,58.8 cm,53.5 cm
1790751078.27935,424581,2414,174.24,1,76.7 cm,111.6 cm,58.4 cm,54.0 cm
1790751078.4560685,424757,2415,176.72,1,76.7 cm,112.1 cm,58.4 cm,54.0 cm
1790751078.6285894,424933,2416,172.52,1,76.8 cm,112.0 cm,58.8 cm,53.5 cm
1790751078.8067448,425109,2417,178.16,1,76.7 cm,112.0 cm,58.4 cm,53.5 cm
1790751078.9817634,425285,2418,175.02,1,76.3 cm,111.6 cm,58.4 cm,53.5 cm
1790751079.1739862,425461,2419,192.22,1,76.7 cm,111.6 cm,58.4 cm,53.5 cm
1790751079.3376486,425644,2420,163.66,1,76.7 cm,243.0 cm,58.8 cm,54.0 cm
1790751079.5163517,425819,2421,178.7,1,76.7 cm,112.1 cm,58.4 cm,54.0 cm
1790751079.7023163,425995,2422,185.96,1,76.7 cm,111.6 cm,58.4 cm,53.5 cm
1790751079.8648646,426171,2423,162.55,1,76.7 cm,112.0 cm,58.4 cm,53.5 cm
1790751080.0514972,426347,2424,186.63,1,76.8 cm,112.0 cm,58.4 cm,54.0 cm
1790751080.2167966,426523,2425,165.3,1,76.7 cm,111.6 cm,58.4 cm,54.0 cm
1790751080.3931923,426699,2426,176.4,1,76.7 cm,111.6 cm,58.4 cm,53.5 cm
1790751080.5712516,426875,2427,178.06,1,76.7 cm,111.2 cm,58.4 cm,54.0 cm
1790751080.7463691,427051,2428,175.12,1,76.7 cm,111.6 cm,58.4 cm,53.5 cm
1790751080.9208896,427227,2429,174.52,1,76.8 cm,112.5 cm,58.4 cm,53.5 cm
1790751081.0944993,427401,2430,173.61,1,76.7 cm,77.5 cm,58.4 cm,53.5 cm
1790751081.2780805,427578,2431,183.58,1,93.6 cm,112.1 cm,58.4 cm,53.5 cm
1790751081.450219,427754,2432,172.14,1,76.7 cm,111.6 cm,58.8 cm,53.5 cm
1790751081.6295786,427930,2433,179.36,1,76.7 cm,112.1 cm,58.8 cm,53.5 cm
1790751081.8092637,428106,2434,179.69,1,76.7 cm,112.0 cm,58.8 cm,53.5 cm
1790751081.9760203,428282,2435,166.76,1,76.3 cm,112.0 cm,58.8 cm,53.5 cm
1790751082.1562169,428458,2436,180.2,1,76.7 cm,111.2 cm,58.8 cm,53.5 cm
1790751082.3317444,428634,2437,175.53,1,76.7 cm,111.2 cm,58.4 cm,53.5 cm
1790751082.5067725,428810,2438,175.03,1,76.7 cm,111.6 cm,58.4 cm,53.5 cm
1790751082.7228339,428986,2439,216.06,1,76.3 cm,111.6 cm,58.8 cm,54.0 cm
1790751082.8576684,429162,2440,134.83,1,76.3 cm,111.6 cm,58.4 cm,54.0 cm
1790751083.0336976,429338,2441,176.03,1,76.3 cm,112.1 cm,58.4 cm,54.0 cm
1790751083.2080374,429514,2442,174.34,1,76.3 cm,111.6 cm,58.8 cm,54.0 cm
1790751083.3843818,429690,2443,176.34,1,76.7 cm,111.6 cm,58.8 cm,54.0 cm
1790751083.5598347,429866,2444,175.45,1,76.3 cm,112.0 cm,58.4 cm,53.5 cm
1790751083.738624,430042,2445,178.79,1,77.2 cm,111.6 cm,58.4 cm,53.5 cm
1790751083.915438,430218,2446,176.81,1,76.7 cm,110.3 cm,58.4 cm,53.5 cm
1790751084.0882869,430394,2447,172.85,1,76.8 cm,112.0 cm,58.8 cm,53.5 cm
1790751084.2630422,430569,2448,174.76,1,76.3 cm,86.8 cm,58.4 cm,54.0 cm
1790751084.4366312,430743,2449,173.59,1,76.3 cm,86.8 cm,58.4 cm,54.0 cm
1790751084.614094,430917,2450,177.46,1,76.7 cm,88.9 cm,58.8 cm,53.5 cm
1790751084.8003569,431092,2451,186.26,1,76.7 cm,111.6 cm,58.8 cm,54.0 cm
1790751084.9659655,431268,2452,165.61,1,76.7 cm,111.6 cm,58.4 cm,54.0 cm
1790751085.1608124,431444,2453,194.85,1,76.7 cm,111.6 cm,58.4 cm,54.0 cm
1790751085.3174078,431620,2454,156.6,1,76.3 cm,111.6 cm,58.4 cm,54.0 cm
1790751085.4927666,431796,2455,175.36,1,76.3 cm,111.6 cm,58.4 cm,54.0 cm
1790751085.667341,431972,2456,174.57,1,76.7 cm,112.0 cm,58.4 cm,54.0 cm
1790751085.8433857,432148,2457,176.04,1,76.7 cm,111.6 cm,58.4 cm,54.0 cm
1790751086.0207126,432324,2458,177.33,1,76.7 cm,111.6 cm,58.4 cm,54.0 cm
1790751086.197014,432500,2459,176.3,1,76.3 cm,111.2 cm,58.8 cm,54.0 cm
1790751086.3738008,432675,2460,176.79,1,56.4 cm,111.6 cm,58.4 cm,54.0 cm
1790751086.545128,432850,2461,171.33,1,76.7 cm,87.6 cm,58.4 cm,54.0 cm
1790751086.7216182,433025,2462,176.49,1,76.3 cm,111.2 cm,59.3 cm,54.0 cm
1790751086.906662,433201,2463,185.04,1,76.3 cm,111.6 cm,58.4 cm,53.5 cm
1790751087.070733,433377,2464,164.07,1,76.3 cm,111.6 cm,58.8 cm,54.0 cm
1790751087.2512758,433553,2465,180.54,1,76.7 cm,111.6 cm,58.8 cm,54.0 cm
1790751087.4367745,433729,2466,185.5,1,76.7 cm,111.6 cm,58.8 cm,54.0 cm
1790751087.599147,433905,2467,162.37,1,76.3 cm,112.1 cm,58.4 cm,54.0 cm
1790751087.7742453,434081,2468,175.1,1,76.3 cm,111.6 cm,58.4 cm,53.5 cm
1790751087.9556236,434257,2469,181.38,1,76.7 cm,112.0 cm,58.4 cm,53.5 cm
1790751088.1265397,434433,2470,170.92,1,76.3 cm,112.0 cm,58.4 cm,53.5 cm
1790751088.3030677,434609,2471,176.53,1,76.7 cm,111.6 cm,58.8 cm,54.0 cm
1790751088.4788795,434785,2472,175.81,1,76.7 cm,111.6 cm,58.4 cm,54.0 cm
1790751088.6610126,434961,2473,182.13,1,76.7 cm,111.6 cm,58.4 cm,54.0 cm
1790751088.830929,435137,2474,169.92,1,76.7 cm,111.6 cm,58.4 cm,54.0 cm
1790751089.0076327,435313,2475,176.7,1,76.3 cm,112.0 cm,58.4 cm,53.5 cm
1790751089.1821694,435488,2476,174.54,1,76.7 cm,92.2 cm,58.0 cm,54.0 cm
1790751089.3554125,435662,2477,173.24,1,76.3 cm,87.6 cm,58.4 cm,54.0 cm
1790751089.5331337,435837,2478,177.72,1,76.7 cm,111.2 cm,58.4 cm,54.0 cm
1790751089.706915,436012,2479,173.78,1,76.7 cm,89.7 cm,58.4 cm,54.0 cm
1790751089.8803482,436186,2480,173.43,1,76.7 cm,89.7 cm,58.4 cm,53.5 cm
1790751090.055827,436361,2481,175.48,1,76.3 cm,111.6 cm,58.4 cm,54.0 cm
1790751090.2303002,436537,2482,174.47,1,76.7 cm,111.6 cm,58.4 cm,54.0 cm
1790751090.407043,436713,2483,176.74,1,76.3 cm,111.6 cm,58.4 cm,54.0 cm
1790751090.5842292,436889,2484,177.19,1,76.7 cm,111.6 cm,58.4 cm,54.0 cm
1790751090.759279,437065,2485,175.05,1,76.7 cm,111.6 cm,58.4 cm,54.0 cm
1790751090.9364092,437241,2486,177.13,1,76.7 cm,111.6 cm,58.4 cm,54.0 cm
1790751091.1173394,437417,2487,180.93,1,76.3 cm,111.6 cm,58.4 cm,54.0 cm
1790751091.2876945,437593,2488,170.36,1,76.7 cm,111.6 cm,58.4 cm,54.0 cm
1790751091.4624238,437769,2489,174.73,1,76.7 cm,111.6 cm,58.4 cm,54.0 cm
1790751091.6633918,437945,2490,200.97,1,66.0 cm,112.0 cm,58.4 cm,54.0 cm
1790751091.8150063,438121,2491,151.61,1,76.3 cm,111.6 cm,58.4 cm,54.0 cm
1790751092.0153558,438297,2492,200.35,1,76.3 cm,111.6 cm,58.4 cm,54.0 cm
1790751092.1676307,438473,2493,152.27,1,76.7 cm,111.2 cm,58.4 cm,54.0 cm
1790751092.354757,438649,2494,187.13,1,76.7 cm,111.6 cm,58.4 cm,54.0 cm
1790751092.520833,438825,2495,166.08,1,76.7 cm,111.6 cm,58.4 cm,54.0 cm
1790751092.7004344,439001,2496,179.6,1,76.7 cm,112.0 cm,58.4 cm,54.0 cm
1790751092.8707137,439177,2497,170.28,1,76.3 cm,111.6 cm,58.4 cm,54.0 cm
1790751093.046658,439353,2498,175.94,1,76.7 cm,111.2 cm,58.4 cm,54.0 cm
1790751093.2252333,439529,2499,178.58,1,76.7 cm,111.6 cm,58.4 cm,54.0 cm
1790751093.413267,439705,2500,188.03,1,76.3 cm,111.6 cm,58.4 cm,53.5 cm
1790751093.5817473,439881,2501,168.48,1,76.7 cm,111.6 cm,58.4 cm,54.0 cm
1790751093.7505553,440057,2502,168.81,1,76.7 cm,111.6 cm,58.4 cm,54.0 cm
1790751093.926391,440233,2503,175.84,1,76.7 cm,111.6 cm,58.8 cm,53.5 cm
1790751094.1021025,440409,2504,175.71,1,76.7 cm,112.1 cm,58.4 cm,54.0 cm
1790751094.2785695,440585,2505,176.47,1,76.7 cm,111.6 cm,58.4 cm,54.0 cm
1790751094.4554768,440761,2506,176.91,1,76.7 cm,111.6 cm,58.4 cm,54.0 cm
1790751094.634436,440936,2507,178.96,1,76.7 cm,88.9 cm,58.4 cm,54.0 cm
1790751094.8082826,441111,2508,173.85,1,76.7 cm,113.3 cm,58.4 cm,53.5 cm
1790751094.9794316,441286,2509,171.15,1,76.7 cm,86.8 cm,58.4 cm,54.0 cm
1790751095.155003,441461,2510,175.57,1,76.3 cm,111.6 cm,58.8 cm,54.0 cm
1790751095.3303897,441637,2511,175.39,1,76.7 cm,111.2 cm,58.4 cm,54.0 cm
1790751095.5074918,441813,2512,177.1,1,76.3 cm,111.6 cm,58.4 cm,53.5 cm
1790751095.6839316,441989,2513,176.44,1,76.4 cm,111.6 cm,58.4 cm,54.0 cm
1790751095.8636599,442165,2514,179.73,1,76.7 cm,111.2 cm,58.4 cm,54.0 cm
1790751096.0379834,442341,2515,174.32,1,76.4 cm,111.2 cm,58.4 cm,54.0 cm
1790751096.2106783,442517,2516,172.69,1,76.7 cm,111.6 cm,58.4 cm,54.0 cm
1790751096.3876805,442693,2517,177.0,1,76.3 cm,111.6 cm,58.0 cm,53.5 cm
1790751096.5627182,442869,2518,175.04,1,76.7 cm,111.6 cm,58.4 cm,54.0 cm
1790751096.73956,443045,2519,176.84,1,75.5 cm,111.2 cm,58.4 cm,54.0 cm
1790751096.9163039,443221,2520,176.74,1,76.3 cm,112.1 cm,58.4 cm,54.0 cm
1790751097.098948,443397,2521,182.64,1,76.7 cm,110.8 cm,58.4 cm,54.0 cm
1790751097.2709804,443573,2522,172.03,1,76.4 cm,112.0 cm,58.4 cm,53.5 cm
1790751097.4537656,443749,2523,182.79,1,76.3 cm,111.6 cm,58.8 cm,54.0 cm
1790751097.6181657,443925,2524,164.4,1,76.7 cm,111.6 cm,58.4 cm,54.0 cm
1790751097.796563,444101,2525,178.4,1,76.3 cm,112.5 cm,58.4 cm,53.5 cm
1790751097.9701629,444277,2526,173.6,1,76.3 cm,111.6 cm,58.8 cm,53.5 cm
1790751098.1480336,444453,2527,177.87,1,76.7 cm,111.2 cm,58.8 cm,54.0 cm
1790751098.3253646,444628,2528,177.33,1,56.9 cm,112.1 cm,58.4 cm,53.5 cm
1790751098.5028255,444804,2529,177.46,1,76.7 cm,111.6 cm,58.4 cm,54.0 cm
1790751098.6774778,444979,2530,174.65,1,76.3 cm,111.6 cm,58.4 cm,54.0 cm
1790751098.8485644,445155,2531,171.09,1,76.7 cm,111.6 cm,58.4 cm,53.5 cm
1790751099.0244029,445331,2532,175.84,1,76.7 cm,112.0 cm,58.4 cm,54.0 cm
1790751099.201507,445507,2533,177.1,1,76.3 cm,111.2 cm,58.4 cm,54.0 cm
1790751099.3769765,445683,2534,175.47,1,76.7 cm,112.1 cm,58.4 cm,54.0 cm
1790751099.5576832,445859,2535,180.71,1,76.7 cm,111.6 cm,58.8 cm,53.5 cm
1790751099.7346392,446035,2536,176.96,1,76.3 cm,111.6 cm,58.4 cm,54.0 cm
1790751099.9085443,446211,2537,173.91,1,76.7 cm,112.5 cm,58.4 cm,53.5 cm
1790751100.080986,446387,2538,172.44,1,75.9 cm,111.6 cm,58.4 cm,53.5 cm
1790751100.2576647,446563,2539,176.68,1,76.4 cm,112.1 cm,58.4 cm,53.5 cm
1790751100.4348755,446739,2540,177.21,1,76.3 cm,111.6 cm,58.4 cm,53.5 cm
1790751100.6089115,446915,2541,174.04,1,76.7 cm,111.6 cm,58.8 cm,54.0 cm
1790751100.7844195,447091,2542,175.51,1,76.7 cm,111.6 cm,58.4 cm,54.0 cm
1790751100.9829533,447267,2543,198.53,1,76.3 cm,112.1 cm,58.4 cm,54.0 cm
1790751101.1396294,447443,2544,156.68,1,76.8 cm,111.6 cm,58.4 cm,54.0 cm
1790751101.3175564,447619,2545,177.93,1,76.7 cm,112.5 cm,58.4 cm,53.5 cm
1790751101.4913309,447795,2546,173.77,1,76.7 cm,112.1 cm,58.8 cm,54.0 cm
1790751101.6691482,447971,2547,177.82,1,76.3 cm,110.4 cm,58.8 cm,54.0 cm
1790751101.8377569,448144,2548,168.61,1,16.7 cm,111.6 cm,58.4 cm,54.0 cm
1790751102.014158,448320,2549,176.4,1,76.8 cm,111.6 cm,58.4 cm,54.0 cm
1790751102.1920958,448496,2550,177.94,1,76.3 cm,112.1 cm,58.4 cm,54.0 cm
1790751102.366122,448669,2551,174.03,1,16.3 cm,112.1 cm,58.4 cm,54.0 cm
1790751102.5360653,448842,2552,169.94,1,16.3 cm,112.1 cm,58.4 cm,54.0 cm
1790751102.711639,449018,2553,175.57,1,76.7 cm,111.6 cm,58.4 cm,54.0 cm
1790751102.8883886,449194,2554,176.75,1,76.3 cm,112.1 cm,58.8 cm,54.0 cm
1790751103.061961,449367,2555,173.57,1,16.3 cm,112.1 cm,58.4 cm,54.0 cm
1790751103.237828,449543,2556,175.87,1,76.3 cm,111.6 cm,58.8 cm,54.0 cm
1790751103.416208,449719,2557,178.38,1,76.3 cm,112.5 cm,58.8 cm,54.0 cm
1790751103.5858417,449892,2558,169.63,1,16.4 cm,112.1 cm,58.4 cm,54.0 cm
1790751103.7585826,450065,2559,172.74,1,16.3 cm,111.6 cm,58.8 cm,53.1 cm
1790751103.9347482,450238,2560,176.17,1,16.7 cm,111.7 cm,58.4 cm,54.0 cm
1790751104.126144,450411,2561,191.4,1,16.7 cm,111.6 cm,58.4 cm,54.0 cm
1790751104.2776976,450584,2562,151.55,1,16.7 cm,112.0 cm,58.4 cm,54.0 cm
1790751104.4507725,450757,2563,173.07,1,16.7 cm,111.6 cm,58.4 cm,54.0 cm
1790751104.6268296,450933,2564,176.06,1,76.3 cm,112.0 cm,58.8 cm,54.0 cm
1790751104.8165941,451109,2565,189.76,1,76.7 cm,111.6 cm,58.4 cm,53.5 cm
1790751104.9782858,451285,2566,161.69,1,76.7 cm,112.0 cm,58.4 cm,54.0 cm
1790751105.1553483,451458,2567,177.06,1,16.3 cm,111.6 cm,58.4 cm,54.0 cm
1790751105.3247204,451631,2568,169.37,1,16.3 cm,110.8 cm,58.4 cm,54.0 cm
1790751105.4960082,451803,2569,171.29,1,16.4 cm,111.6 cm,58.4 cm,54.0 cm
1790751105.671663,451976,2570,175.65,1,16.3 cm,111.6 cm,58.4 cm,54.0 cm
1790751105.8543859,452149,2571,182.72,1,16.3 cm,111.6 cm,58.0 cm,54.0 cm
1790751106.0153277,452322,2572,160.94,1,16.3 cm,110.3 cm,58.0 cm,54.0 cm
1790751106.1872694,452494,2573,171.94,1,16.3 cm,111.6 cm,58.4 cm,54.0 cm
1790751106.3606243,452666,2574,173.35,1,16.4 cm,99.7 cm,58.4 cm,54.0 cm
1790751106.536465,452839,2575,175.84,1,16.4 cm,112.9 cm,58.4 cm,54.0 cm
1790751106.7051535,453012,2576,168.69,1,16.3 cm,111.2 cm,58.4 cm,54.0 cm
1790751106.8780334,453185,2577,172.88,1,16.4 cm,111.6 cm,58.4 cm,54.0 cm
1790751107.0562675,453358,2578,178.23,1,16.4 cm,112.0 cm,58.4 cm,54.0 cm
1790751107.2303734,453531,2579,174.11,1,16.4 cm,112.0 cm,58.4 cm,54.0 cm
1790751107.4001613,453704,2580,169.79,1,16.3 cm,112.5 cm,58.8 cm,53.5 cm
1790751107.5728765,453880,2581,172.72,1,76.7 cm,111.6 cm,58.4 cm,54.0 cm
1790751107.7466161,454053,2582,173.74,1,16.4 cm,111.6 cm,58.4 cm,54.0 cm
1790751107.9231281,454226,2583,176.51,1,16.3 cm,112.9 cm,58.4 cm,54.0 cm
1790751108.097269,454399,2584,174.14,1,16.4 cm,112.0 cm,58.4 cm,54.0 cm
1790751108.2686377,454575,2585,171.37,1,76.7 cm,111.6 cm,58.4 cm,54.0 cm
1790751108.4408429,454748,2586,172.21,1,16.4 cm,111.6 cm,58.4 cm,53.5 cm
1790751108.617416,454921,2587,176.57,1,16.3 cm,112.0 cm,58.4 cm,54.0 cm
1790751108.78955,455094,2588,172.13,1,16.4 cm,111.6 cm,58.4 cm,54.0 cm
1790751108.9601407,455267,2589,170.59,1,16.4 cm,111.6 cm,58.4 cm,54.0 cm
1790751109.1405168,455443,2590,180.38,1,76.3 cm,111.6 cm,58.4 cm,53.5 cm
1790751109.3125448,455619,2591,172.03,1,76.7 cm,111.6 cm,58.4 cm,54.0 cm
1790751109.4885967,455795,2592,176.05,1,67.9 cm,111.6 cm,58.4 cm,54.0 cm
1790751109.6640534,455968,2593,175.46,1,16.4 cm,112.9 cm,58.4 cm,54.0 cm
1790751109.8385248,456144,2594,174.47,1,77.2 cm,112.0 cm,58.4 cm,53.5 cm
1790751110.0177898,456320,2595,179.27,1,76.3 cm,111.6 cm,58.4 cm,54.0 cm
1790751110.1902683,456496,2596,172.48,1,76.3 cm,112.0 cm,58.4 cm,54.0 cm
1790751110.3718288,456672,2597,181.56,1,76.7 cm,111.6 cm,58.4 cm,54.0 cm
1790751110.541706,456848,2598,169.88,1,76.7 cm,112.1 cm,58.4 cm,53.5 cm
1790751110.7169003,457024,2599,175.19,1,76.7 cm,112.1 cm,58.8 cm,54.0 cm
1790751110.8976436,457200,2600,180.74,1,76.3 cm,112.1 cm,58.4 cm,53.5 cm
1790751111.0726185,457376,2601,174.97,1,76.7 cm,112.0 cm,58.4 cm,54.0 cm
1790751111.280084,457552,2602,207.47,1,76.7 cm,112.1 cm,58.4 cm,53.6 cm
1790751111.4249475,457728,2603,144.86,1,76.3 cm,111.6 cm,58.4 cm,53.6 cm
1790751111.6071687,457904,2604,182.22,1,76.7 cm,111.6 cm,58.0 cm,53.6 cm
1790751111.7730808,458080,2605,165.91,1,76.3 cm,111.6 cm,58.4 cm,53.5 cm
1790751111.9533706,458256,2606,180.29,1,76.3 cm,112.5 cm,58.4 cm,53.5 cm
1790751112.126762,458432,2607,173.39,1,76.3 cm,112.1 cm,58.4 cm,53.5 cm
1790751112.301897,458608,2608,175.14,1,76.3 cm,111.2 cm,58.4 cm,53.6 cm
1790751112.495915,458784,2609,194.02,1,76.7 cm,112.1 cm,58.0 cm,53.5 cm
1790751112.6572723,458960,2610,161.36,1,76.3 cm,112.0 cm,58.4 cm,53.5 cm
1790751112.8322587,459136,2611,174.99,1,76.7 cm,111.6 cm,58.4 cm,53.6 cm
1790751113.0053298,459312,2612,173.07,1,76.3 cm,112.5 cm,58.4 cm,53.6 cm
1790751113.181713,459488,2613,176.38,1,76.7 cm,111.6 cm,58.4 cm,53.5 cm
1790751113.3826015,459664,2614,200.89,1,76.7 cm,112.0 cm,58.4 cm,53.6 cm
1790751113.5353165,459840,2615,152.71,1,76.7 cm,112.5 cm,58.4 cm,53.6 cm
1790751113.7133567,460016,2616,178.04,1,76.3 cm,111.6 cm,58.4 cm,53.6 cm
1790751113.8850598,460192,2617,171.7,1,76.7 cm,112.1 cm,58.4 cm,53.6 cm
1790751114.0610921,460368,2618,176.03,1,76.8 cm,111.6 cm,58.4 cm,53.6 cm
1790751114.2375932,460544,2619,176.5,1,76.8 cm,112.1 cm,58.4 cm,53.5 cm
1790751114.4152963,460720,2620,177.7,1,76.3 cm,112.1 cm,58.4 cm,53.6 cm
1790751114.5898907,460896,2621,174.59,1,62.4 cm,111.2 cm,58.4 cm,53.5 cm
1790751114.766437,461072,2622,176.55,1,77.2 cm,112.1 cm,58.4 cm,53.6 cm
1790751114.9415727,461248,2623,175.14,1,76.7 cm,111.6 cm,58.4 cm,53.6 cm
1790751115.1220198,461424,2624,180.45,1,76.7 cm,111.6 cm,58.4 cm,53.6 cm
1790751115.296171,461600,2625,174.15,1,76.7 cm,111.6 cm,58.4 cm,53.6 cm
1790751115.4834614,461776,2626,187.29,1,76.3 cm,112.0 cm,58.4 cm,53.5 cm
1790751115.6492753,461952,2627,165.81,1,76.3 cm,112.1 cm,58.4 cm,53.6 cm
1790751115.821258,462128,2628,171.98,1,76.7 cm,111.6 cm,58.4 cm,53.6 cm
1790751115.9968848,462304,2629,175.63,1,76.7 cm,111.6 cm,58.4 cm,53.6 cm
1790751116.1962821,462480,2630,199.4,1,76.8 cm,111.6 cm,58.4 cm,53.6 cm
1790751116.37268,462656,2631,176.4,1,77.2 cm,112.5 cm,58.4 cm,53.5 cm
1790751116.5295146,462832,2632,156.83,1,78.0 cm,112.0 cm,58.4 cm,53.6 cm
1790751116.698334,463005,2633,168.82,1,16.7 cm,112.5 cm,58.4 cm,53.5 cm
1790751116.8715696,463178,2634,173.24,1,16.7 cm,112.5 cm,58.4 cm,53.6 cm
1790751117.0443702,463351,2635,172.8,1,16.7 cm,111.6 cm,58.8 cm,53.5 cm
1790751117.2197425,463524,2636,175.37,1,16.3 cm,111.6 cm,58.4 cm,53.6 cm
1790751117.3951592,463697,2637,175.42,1,16.4 cm,112.1 cm,58.4 cm,53.5 cm
1790751117.571574,463870,2638,176.41,1,16.7 cm,112.1 cm,58.4 cm,53.6 cm
1790751117.7370636,464043,2639,165.49,1,16.7 cm,112.1 cm,58.0 cm,53.5 cm
1790751117.9141798,464216,2640,177.12,1,16.7 cm,112.1 cm,58.4 cm,53.6 cm
1790751118.0880187,464389,2641,173.84,1,16.7 cm,101.4 cm,58.4 cm,53.6 cm
1790751118.2573025,464561,2642,169.28,1,16.7 cm,112.5 cm,58.4 cm,53.6 cm
1790751118.4279444,464734,2643,170.64,1,16.3 cm,112.5 cm,58.4 cm,53.6 cm
1790751118.6055996,464907,2644,177.66,1,16.3 cm,100.5 cm,58.4 cm,53.6 cm
1790751118.7804515,465079,2645,174.85,1,16.4 cm,112.5 cm,58.4 cm,53.6 cm
1790751118.9455369,465252,2646,165.09,1,16.4 cm,112.1 cm,58.4 cm,53.5 cm
1790751119.118684,465425,2647,173.15,1,16.3 cm,111.6 cm,58.4 cm,53.5 cm
1790751119.2966542,465598,2648,177.97,1,16.4 cm,112.5 cm,58.4 cm,53.6 cm
1790751119.4668777,465771,2649,170.22,1,16.4 cm,112.5 cm,58.4 cm,53.6 cm
1790751119.63767,465944,2650,170.79,1,16.4 cm,112.1 cm,58.4 cm,53.6 cm
1790751119.810796,466117,2651,173.13,1,16.3 cm,112.5 cm,58.4 cm,53.6 cm
1790751119.98678,466293,2652,175.98,1,76.7 cm,112.5 cm,58.4 cm,53.5 cm
1790751120.178741,466469,2653,191.96,1,76.7 cm,112.5 cm,58.4 cm,53.6 cm
1790751120.3398392,466645,2654,161.1,1,76.4 cm,112.5 cm,58.4 cm,53.6 cm
1790751120.5210147,466821,2655,181.18,1,76.7 cm,112.1 cm,58.4 cm,53.6 cm
1790751120.7075515,466997,2656,186.54,1,76.8 cm,112.5 cm,58.4 cm,53.6 cm
